match_id,color,order,x,y,time_spent,moved,valid,retry_count
2bc78a6c-045c-40d3-a4fd-4fe02685b4e7,black,1,7,7,3261,1714548389366,1,0
2bc78a6c-045c-40d3-a4fd-4fe02685b4e7,white,1,7,7,1880,1714548391247,0,0
2bc78a6c-045c-40d3-a4fd-4fe02685b4e7,white,2,7,8,1854,1714548393101,1,1
2bc78a6c-045c-40d3-a4fd-4fe02685b4e7,black,3,6,9,4287,1714548397390,1,0
2bc78a6c-045c-40d3-a4fd-4fe02685b4e7,white,4,1,1,2429,1714548399820,1,0
2bc78a6c-045c-40d3-a4fd-4fe02685b4e7,black,4,6,9,2998,1714548402820,0,0
2bc78a6c-045c-40d3-a4fd-4fe02685b4e7,black,5,5,7,2571,1714548405391,1,1
2bc78a6c-045c-40d3-a4fd-4fe02685b4e7,white,6,0,7,1830,1714548407222,1,0
2bc78a6c-045c-40d3-a4fd-4fe02685b4e7,black,7,8,6,3277,1714548410500,1,0
2bc78a6c-045c-40d3-a4fd-4fe02685b4e7,white,8,9,6,2443,1714548412945,1,0
2bc78a6c-045c-40d3-a4fd-4fe02685b4e7,black,9,6,8,2637,1714548415585,1,0
2bc78a6c-045c-40d3-a4fd-4fe02685b4e7,white,10,13,9,2291,1714548417878,1,0
2bc78a6c-045c-40d3-a4fd-4fe02685b4e7,black,10,6,8,2784,1714548420664,0,0
2bc78a6c-045c-40d3-a4fd-4fe02685b4e7,black,10,5,7,2557,1714548423221,0,1
2bc78a6c-045c-40d3-a4fd-4fe02685b4e7,black,11,7,6,3226,1714548426447,1,2
2bc78a6c-045c-40d3-a4fd-4fe02685b4e7,white,12,9,5,1757,1714548428210,1,0
2bc78a6c-045c-40d3-a4fd-4fe02685b4e7,black,12,6,8,2848,1714548431062,0,0
2bc78a6c-045c-40d3-a4fd-4fe02685b4e7,black,13,5,8,3002,1714548434064,1,1
2bc78a6c-045c-40d3-a4fd-4fe02685b4e7,white,14,3,7,1725,1714548435791,1,0
2bc78a6c-045c-40d3-a4fd-4fe02685b4e7,black,14,5,8,2622,1714548438420,0,0
2bc78a6c-045c-40d3-a4fd-4fe02685b4e7,black,15,6,5,3255,1714548441675,1,1
2bc78a6c-045c-40d3-a4fd-4fe02685b4e7,white,16,2,7,2086,1714548443763,1,0
2bc78a6c-045c-40d3-a4fd-4fe02685b4e7,black,16,7,6,2995,1714548446764,0,0
2bc78a6c-045c-40d3-a4fd-4fe02685b4e7,black,17,4,6,3475,1714548450239,1,1
2bc78a6c-045c-40d3-a4fd-4fe02685b4e7,white,18,7,4,5280,1714548455521,1,0
2bc78a6c-045c-40d3-a4fd-4fe02685b4e7,black,19,7,10,3673,1714548459197,1,0
2bc78a6c-045c-40d3-a4fd-4fe02685b4e7,white,20,10,2,1784,1714548460983,1,0
2bc78a6c-045c-40d3-a4fd-4fe02685b4e7,black,21,8,8,2721,1714548463705,1,0
2bc78a6c-045c-40d3-a4fd-4fe02685b4e7,white,22,7,9,1698,1714548465404,1,0
2bc78a6c-045c-40d3-a4fd-4fe02685b4e7,black,23,7,11,2841,1714548468247,1,0
2bc78a6c-045c-40d3-a4fd-4fe02685b4e7,white,24,0,1,1574,1714548469822,1,0
2bc78a6c-045c-40d3-a4fd-4fe02685b4e7,black,25,7,12,2608,1714548472432,1,0
2bc78a6c-045c-40d3-a4fd-4fe02685b4e7,white,26,3,8,2470,1714548474905,1,0
2bc78a6c-045c-40d3-a4fd-4fe02685b4e7,black,26,7,12,3089,1714548477996,0,0
2bc78a6c-045c-40d3-a4fd-4fe02685b4e7,black,27,6,12,2545,1714548480541,1,1
2bc78a6c-045c-40d3-a4fd-4fe02685b4e7,white,27,7,10,2240,1714548482783,0,0
2bc78a6c-045c-40d3-a4fd-4fe02685b4e7,white,28,4,0,2192,1714548484976,1,1
2bc78a6c-045c-40d3-a4fd-4fe02685b4e7,black,28,8,6,2939,1714548487917,0,0
2bc78a6c-045c-40d3-a4fd-4fe02685b4e7,black,28,7,10,2781,1714548490698,0,1
2bc78a6c-045c-40d3-a4fd-4fe02685b4e7,black,29,8,9,2274,1714548492972,1,2
2bc78a6c-045c-40d3-a4fd-4fe02685b4e7,white,29,9,6,5484,1714548498458,0,0
2bc78a6c-045c-40d3-a4fd-4fe02685b4e7,white,30,2,6,2566,1714548501024,1,1
2bc78a6c-045c-40d3-a4fd-4fe02685b4e7,black,30,7,10,3682,1714548504707,0,0
2bc78a6c-045c-40d3-a4fd-4fe02685b4e7,black,31,8,7,2916,1714548507624,1,1
2bc78a6c-045c-40d3-a4fd-4fe02685b4e7,white,32,10,12,1943,1714548509568,1,0
2bc78a6c-045c-40d3-a4fd-4fe02685b4e7,black,32,7,10,4373,1714548513943,0,0
2bc78a6c-045c-40d3-a4fd-4fe02685b4e7,black,32,8,7,2750,1714548516693,0,1
2bc78a6c-045c-40d3-a4fd-4fe02685b4e7,black,32,6,8,2968,1714548519661,0,2
2bc78a6c-045c-40d3-a4fd-4fe02685b4e7,white,33,6,6,2659,1714548522320,1,0
2bc78a6c-045c-40d3-a4fd-4fe02685b4e7,black,33,7,7,2704,1714548525026,0,0
2bc78a6c-045c-40d3-a4fd-4fe02685b4e7,black,34,4,5,2716,1714548527742,1,1
2bc78a6c-045c-40d3-a4fd-4fe02685b4e7,white,35,9,1,2180,1714548529923,1,0
2bc78a6c-045c-40d3-a4fd-4fe02685b4e7,black,35,7,8,4077,1714548534002,0,0
2bc78a6c-045c-40d3-a4fd-4fe02685b4e7,black,35,8,6,3078,1714548537080,0,1
2bc78a6c-045c-40d3-a4fd-4fe02685b4e7,black,35,4,5,2798,1714548539878,0,2
2bc78a6c-045c-40d3-a4fd-4fe02685b4e7,white,36,3,5,5231,1714548545110,1,0
2bc78a6c-045c-40d3-a4fd-4fe02685b4e7,black,37,6,11,2526,1714548547640,1,0
2bc78a6c-045c-40d3-a4fd-4fe02685b4e7,white,37,3,7,2352,1714548549994,0,0
2bc78a6c-045c-40d3-a4fd-4fe02685b4e7,white,38,9,7,2257,1714548552251,1,1
2bc78a6c-045c-40d3-a4fd-4fe02685b4e7,black,38,7,10,2642,1714548554896,0,0
2bc78a6c-045c-40d3-a4fd-4fe02685b4e7,black,38,6,9,3044,1714548557940,0,1
2bc78a6c-045c-40d3-a4fd-4fe02685b4e7,black,39,5,10,2900,1714548560840,1,2
2bc78a6c-045c-40d3-a4fd-4fe02685b4e7,white,40,10,0,2434,1714548563276,1,0
2bc78a6c-045c-40d3-a4fd-4fe02685b4e7,black,40,7,11,2865,1714548566143,0,0
2bc78a6c-045c-40d3-a4fd-4fe02685b4e7,black,40,6,12,3385,1714548569528,0,1
2bc78a6c-045c-40d3-a4fd-4fe02685b4e7,black,40,8,9,2538,1714548572066,0,2
2bc78a6c-045c-40d3-a4fd-4fe02685b4e7,white,41,9,9,1443,1714548573509,1,0
2bc78a6c-045c-40d3-a4fd-4fe02685b4e7,black,41,7,9,3053,1714548576565,0,0
2bc78a6c-045c-40d3-a4fd-4fe02685b4e7,black,41,6,12,3445,1714548580010,0,1
2bc78a6c-045c-40d3-a4fd-4fe02685b4e7,black,42,3,3,2481,1714548582491,1,2
2bc78a6c-045c-40d3-a4fd-4fe02685b4e7,white,43,8,1,4767,1714548587260,1,0
2bc78a6c-045c-40d3-a4fd-4fe02685b4e7,black,43,7,11,2639,1714548589902,0,0
2bc78a6c-045c-40d3-a4fd-4fe02685b4e7,black,43,6,12,2727,1714548592629,0,1
2bc78a6c-045c-40d3-a4fd-4fe02685b4e7,black,44,8,12,3226,1714548595855,1,2
2bc78a6c-045c-40d3-a4fd-4fe02685b4e7,white,45,2,8,2095,1714548597952,1,0
2bc78a6c-045c-40d3-a4fd-4fe02685b4e7,black,45,7,10,3054,1714548601009,0,0
2bc78a6c-045c-40d3-a4fd-4fe02685b4e7,black,46,6,10,2650,1714548603659,1,1
3dd9f51b-2a41-4da9-863e-3aa2fd923020,black,1,7,7,3093,1714548860554,1,0
3dd9f51b-2a41-4da9-863e-3aa2fd923020,white,1,7,7,1635,1714548862191,0,0
3dd9f51b-2a41-4da9-863e-3aa2fd923020,white,2,7,8,1388,1714548863579,1,1
3dd9f51b-2a41-4da9-863e-3aa2fd923020,black,3,6,10,2820,1714548866401,1,0
3dd9f51b-2a41-4da9-863e-3aa2fd923020,white,3,7,8,1282,1714548867684,0,0
3dd9f51b-2a41-4da9-863e-3aa2fd923020,white,4,7,9,1637,1714548869321,1,1
3dd9f51b-2a41-4da9-863e-3aa2fd923020,black,4,7,9,3988,1714548873310,0,0
3dd9f51b-2a41-4da9-863e-3aa2fd923020,black,4,6,10,2663,1714548875973,0,1
3dd9f51b-2a41-4da9-863e-3aa2fd923020,black,5,6,8,3107,1714548879080,1,2
3dd9f51b-2a41-4da9-863e-3aa2fd923020,white,5,7,8,1760,1714548880842,0,0
3dd9f51b-2a41-4da9-863e-3aa2fd923020,white,5,7,9,1363,1714548882205,0,1
3dd9f51b-2a41-4da9-863e-3aa2fd923020,white,6,7,10,1344,1714548883549,1,2
3dd9f51b-2a41-4da9-863e-3aa2fd923020,black,6,7,10,2507,1714548886058,0,0
3dd9f51b-2a41-4da9-863e-3aa2fd923020,black,7,8,6,2870,1714548888928,1,1
3dd9f51b-2a41-4da9-863e-3aa2fd923020,white,7,7,8,1358,1714548890288,0,0
3dd9f51b-2a41-4da9-863e-3aa2fd923020,white,7,7,9,3016,1714548893304,0,1
3dd9f51b-2a41-4da9-863e-3aa2fd923020,white,7,7,10,1043,1714548894347,0,2
3dd9f51b-2a41-4da9-863e-3aa2fd923020,black,8,8,5,2783,1714548897130,1,0
3dd9f51b-2a41-4da9-863e-3aa2fd923020,white,8,7,8,1338,1714548898470,0,0
3dd9f51b-2a41-4da9-863e-3aa2fd923020,white,8,8,6,1189,1714548899659,0,1
3dd9f51b-2a41-4da9-863e-3aa2fd923020,white,8,7,9,1253,1714548900912,0,2
3dd9f51b-2a41-4da9-863e-3aa2fd923020,black,8,6,10,3368,1714548904280,0,0
3dd9f51b-2a41-4da9-863e-3aa2fd923020,black,8,8,5,3772,1714548908052,0,1
3dd9f51b-2a41-4da9-863e-3aa2fd923020,black,9,6,5,2967,1714548911020,1,2
3dd9f51b-2a41-4da9-863e-3aa2fd923020,white,9,7,7,1490,1714548912512,0,0
3dd9f51b-2a41-4da9-863e-3aa2fd923020,white,9,7,8,1880,1714548914392,0,1
3dd9f51b-2a41-4da9-863e-3aa2fd923020,white,9,7,9,1060,1714548915452,0,2
3dd9f51b-2a41-4da9-863e-3aa2fd923020,black,10,5,8,2874,1714548918326,1,0
3dd9f51b-2a41-4da9-863e-3aa2fd923020,white,10,7,7,1351,1714548919677,0,0
3dd9f51b-2a41-4da9-863e-3aa2fd923020,white,10,7,8,1810,1714548921487,0,1
3dd9f51b-2a41-4da9-863e-3aa2fd923020,white,10,8,6,1183,1714548922670,0,2
3dd9f51b-2a41-4da9-863e-3aa2fd923020,black,11,6,7,3132,1714548925802,1,0
3dd9f51b-2a41-4da9-863e-3aa2fd923020,white,11,7,8,1345,1714548927148,0,0
3dd9f51b-2a41-4da9-863e-3aa2fd923020,white,11,7,9,1536,1714548928684,0,1
3dd9f51b-2a41-4da9-863e-3aa2fd923020,white,11,7,10,1158,1714548929843,0,2
3dd9f51b-2a41-4da9-863e-3aa2fd923020,black,11,6,10,2685,1714548932528,0,0
3dd9f51b-2a41-4da9-863e-3aa2fd923020,black,12,6,11,3778,1714548936306,1,1
3dd9f51b-2a41-4da9-863e-3aa2fd923020,white,12,7,7,1370,1714548937678,0,0
3dd9f51b-2a41-4da9-863e-3aa2fd923020,white,13,7,6,1358,1714548939036,1,1
3dd9f51b-2a41-4da9-863e-3aa2fd923020,black,13,5,8,2959,1714548941996,0,0
3dd9f51b-2a41-4da9-863e-3aa2fd923020,black,14,6,4,2993,1714548944989,1,1
3dd9f51b-2a41-4da9-863e-3aa2fd923020,white,14,7,6,1764,1714548946753,0,0
3dd9f51b-2a41-4da9-863e-3aa2fd923020,white,14,7,9,1169,1714548947922,0,1
3dd9f51b-2a41-4da9-863e-3aa2fd923020,white,14,7,7,1376,1714548949298,0,2
3dd9f51b-2a41-4da9-863e-3aa2fd923020,black,14,8,6,2608,1714548951906,0,0
3dd9f51b-2a41-4da9-863e-3aa2fd923020,black,15,7,4,3790,1714548955696,1,1
3dd9f51b-2a41-4da9-863e-3aa2fd923020,white,15,7,8,1320,1714548957018,0,0
3dd9f51b-2a41-4da9-863e-3aa2fd923020,white,15,7,9,1741,1714548958759,0,1
3dd9f51b-2a41-4da9-863e-3aa2fd923020,white,15,7,6,2202,1714548960961,0,2
3dd9f51b-2a41-4da9-863e-3aa2fd923020,black,15,6,11,2942,1714548963903,0,0
3dd9f51b-2a41-4da9-863e-3aa2fd923020,black,15,6,5,2723,1714548966626,0,1
3dd9f51b-2a41-4da9-863e-3aa2fd923020,black,16,5,11,2758,1714548969385,1,2
3dd9f51b-2a41-4da9-863e-3aa2fd923020,white,17,7,5,3848,1714548973235,1,0
3dd9f51b-2a41-4da9-863e-3aa2fd923020,black,17,5,8,3238,1714548976474,0,0
3dd9f51b-2a41-4da9-863e-3aa2fd923020,black,17,6,11,4495,1714548980969,0,1
3dd9f51b-2a41-4da9-863e-3aa2fd923020,black,18,5,9,2490,1714548983460,1,2
3dd9f51b-2a41-4da9-863e-3aa2fd923020,white,18,6,5,2042,1714548985504,0,0
3dd9f51b-2a41-4da9-863e-3aa2fd923020,white,18,7,9,3244,1714548988748,0,1
3dd9f51b-2a41-4da9-863e-3aa2fd923020,white,18,7,5,1651,1714548990399,0,2
3dd9f51b-2a41-4da9-863e-3aa2fd923020,black,19,6,12,3166,1714548993565,1,0
3dd9f51b-2a41-4da9-863e-3aa2fd923020,white,19,6,8,960,1714548994527,0,0
3dd9f51b-2a41-4da9-863e-3aa2fd923020,white,19,7,9,1167,1714548995694,0,1
3dd9f51b-2a41-4da9-863e-3aa2fd923020,white,19,7,10,1666,1714548997360,0,2
3dd9f51b-2a41-4da9-863e-3aa2fd923020,black,19,7,4,2454,1714548999814,0,0
3dd9f51b-2a41-4da9-863e-3aa2fd923020,black,19,6,11,2927,1714549002741,0,1
3dd9f51b-2a41-4da9-863e-3aa2fd923020,black,19,5,11,3042,1714549005783,0,2
3dd9f51b-2a41-4da9-863e-3aa2fd923020,white,19,7,10,33411,1714549039194,0,0
3dd9f51b-2a41-4da9-863e-3aa2fd923020,white,19,7,8,1893,1714549041087,0,1
3dd9f51b-2a41-4da9-863e-3aa2fd923020,white,19,7,9,2247,1714549043334,0,2
3dd9f51b-2a41-4da9-863e-3aa2fd923020,black,20,8,7,2876,1714549046210,1,0
3dd9f51b-2a41-4da9-863e-3aa2fd923020,white,20,7,7,1470,1714549047682,0,0
3dd9f51b-2a41-4da9-863e-3aa2fd923020,white,20,7,6,1862,1714549049544,0,1
3dd9f51b-2a41-4da9-863e-3aa2fd923020,white,20,7,8,1479,1714549051023,0,2
3dd9f51b-2a41-4da9-863e-3aa2fd923020,black,20,6,11,2692,1714549053716,0,0
3dd9f51b-2a41-4da9-863e-3aa2fd923020,black,21,5,12,3222,1714549056938,1,1
3dd9f51b-2a41-4da9-863e-3aa2fd923020,white,21,7,6,1576,1714549058516,0,0
3dd9f51b-2a41-4da9-863e-3aa2fd923020,white,21,7,8,1465,1714549059981,0,1
3dd9f51b-2a41-4da9-863e-3aa2fd923020,white,21,7,5,1227,1714549061208,0,2
3dd9f51b-2a41-4da9-863e-3aa2fd923020,black,22,6,9,2840,1714549064048,1,0
0d1de7f4-7032-404b-9e72-712c9f01dd66,black,1,7,7,3135,1714549122584,1,0
0d1de7f4-7032-404b-9e72-712c9f01dd66,white,2,7,4,845,1714549123430,1,0
0d1de7f4-7032-404b-9e72-712c9f01dd66,black,3,6,8,2748,1714549126179,1,0
0d1de7f4-7032-404b-9e72-712c9f01dd66,white,4,6,6,1000,1714549127181,1,0
0d1de7f4-7032-404b-9e72-712c9f01dd66,black,4,6,6,2397,1714549129579,0,0
0d1de7f4-7032-404b-9e72-712c9f01dd66,black,5,6,4,2345,1714549131925,1,1
0d1de7f4-7032-404b-9e72-712c9f01dd66,white,6,9,2,1100,1714549133025,1,0
0d1de7f4-7032-404b-9e72-712c9f01dd66,black,6,7,4,2772,1714549135798,0,0
0d1de7f4-7032-404b-9e72-712c9f01dd66,black,6,6,8,3131,1714549138929,0,1
0d1de7f4-7032-404b-9e72-712c9f01dd66,black,7,6,5,2810,1714549141739,1,2
0d1de7f4-7032-404b-9e72-712c9f01dd66,white,8,7,8,1088,1714549142828,1,0
0d1de7f4-7032-404b-9e72-712c9f01dd66,black,9,8,6,3199,1714549146028,1,0
0d1de7f4-7032-404b-9e72-712c9f01dd66,white,10,9,0,660,1714549146690,1,0
0d1de7f4-7032-404b-9e72-712c9f01dd66,black,10,8,6,2812,1714549149503,0,0
0d1de7f4-7032-404b-9e72-712c9f01dd66,black,10,6,8,3036,1714549152539,0,1
0d1de7f4-7032-404b-9e72-712c9f01dd66,black,11,7,5,4519,1714549157059,1,2
0d1de7f4-7032-404b-9e72-712c9f01dd66,white,12,4,5,743,1714549157803,1,0
0d1de7f4-7032-404b-9e72-712c9f01dd66,black,12,6,8,2539,1714549160343,0,0
0d1de7f4-7032-404b-9e72-712c9f01dd66,black,13,6,7,2760,1714549163103,1,1
0d1de7f4-7032-404b-9e72-712c9f01dd66,white,14,9,13,757,1714549163861,1,0
0d1de7f4-7032-404b-9e72-712c9f01dd66,black,14,6,5,2862,1714549166725,0,0
0d1de7f4-7032-404b-9e72-712c9f01dd66,black,15,5,6,2559,1714549169284,1,1
0d1de7f4-7032-404b-9e72-712c9f01dd66,white,16,9,7,1179,1714549170465,1,0
0d1de7f4-7032-404b-9e72-712c9f01dd66,black,17,8,5,2526,1714549172993,1,0
0d1de7f4-7032-404b-9e72-712c9f01dd66,white,18,3,7,814,1714549173809,1,0
0d1de7f4-7032-404b-9e72-712c9f01dd66,black,19,6,9,2816,1714549176627,1,0
0d1de7f4-7032-404b-9e72-712c9f01dd66,white,20,9,8,953,1714549177582,1,0
0d1de7f4-7032-404b-9e72-712c9f01dd66,black,21,9,11,2588,1714549180172,1,0
0d1de7f4-7032-404b-9e72-712c9f01dd66,white,22,9,12,1161,1714549181335,1,0
0d1de7f4-7032-404b-9e72-712c9f01dd66,black,22,9,11,2863,1714549184200,0,0
0d1de7f4-7032-404b-9e72-712c9f01dd66,black,23,9,6,3046,1714549187246,1,1
0d1de7f4-7032-404b-9e72-712c9f01dd66,white,24,3,11,859,1714549188107,1,0
0d1de7f4-7032-404b-9e72-712c9f01dd66,black,24,9,8,2779,1714549190888,0,0
0d1de7f4-7032-404b-9e72-712c9f01dd66,black,24,9,11,2979,1714549193867,0,1
0d1de7f4-7032-404b-9e72-712c9f01dd66,black,24,3,7,3003,1714549196870,0,2
0d1de7f4-7032-404b-9e72-712c9f01dd66,white,25,8,10,889,1714549197760,1,0
0d1de7f4-7032-404b-9e72-712c9f01dd66,black,26,9,10,2757,1714549200519,1,0
0d1de7f4-7032-404b-9e72-712c9f01dd66,white,27,13,7,2182,1714549202703,1,0
0d1de7f4-7032-404b-9e72-712c9f01dd66,black,27,9,11,2795,1714549205499,0,0
0d1de7f4-7032-404b-9e72-712c9f01dd66,black,28,8,3,3008,1714549208507,1,1
0d1de7f4-7032-404b-9e72-712c9f01dd66,white,29,8,8,713,1714549209222,1,0
0d1de7f4-7032-404b-9e72-712c9f01dd66,black,29,9,10,2533,1714549211757,0,0
0d1de7f4-7032-404b-9e72-712c9f01dd66,black,29,6,9,2835,1714549214592,0,1
0d1de7f4-7032-404b-9e72-712c9f01dd66,black,30,10,3,2929,1714549217521,1,2
0d1de7f4-7032-404b-9e72-712c9f01dd66,white,31,9,5,774,1714549218297,1,0
0d1de7f4-7032-404b-9e72-712c9f01dd66,black,31,9,11,3313,1714549221611,0,0
0d1de7f4-7032-404b-9e72-712c9f01dd66,black,32,0,0,2448,1714549224059,1,1
0d1de7f4-7032-404b-9e72-712c9f01dd66,white,33,8,13,780,1714549224841,1,0
0d1de7f4-7032-404b-9e72-712c9f01dd66,black,33,9,11,2658,1714549227502,0,0
0d1de7f4-7032-404b-9e72-712c9f01dd66,black,34,8,11,3463,1714549230965,1,1
0d1de7f4-7032-404b-9e72-712c9f01dd66,white,34,8,13,887,1714549231853,0,0
0d1de7f4-7032-404b-9e72-712c9f01dd66,white,35,13,14,642,1714549232495,1,1
0d1de7f4-7032-404b-9e72-712c9f01dd66,black,35,7,8,3193,1714549235688,0,0
0d1de7f4-7032-404b-9e72-712c9f01dd66,black,36,8,9,3377,1714549239065,1,1
0d1de7f4-7032-404b-9e72-712c9f01dd66,white,36,8,8,904,1714549239970,0,0
0d1de7f4-7032-404b-9e72-712c9f01dd66,white,37,10,1,980,1714549240950,1,1
0d1de7f4-7032-404b-9e72-712c9f01dd66,black,38,10,10,2556,1714549243507,1,0
0d1de7f4-7032-404b-9e72-712c9f01dd66,white,38,9,2,1097,1714549244606,0,0
0d1de7f4-7032-404b-9e72-712c9f01dd66,white,39,3,9,2013,1714549246619,1,1
0d1de7f4-7032-404b-9e72-712c9f01dd66,black,39,8,8,2895,1714549249516,0,0
0d1de7f4-7032-404b-9e72-712c9f01dd66,black,40,7,10,2545,1714549252062,1,1
0d1de7f4-7032-404b-9e72-712c9f01dd66,white,40,8,8,858,1714549252922,0,0
0d1de7f4-7032-404b-9e72-712c9f01dd66,white,40,9,7,976,1714549253898,0,1
0d1de7f4-7032-404b-9e72-712c9f01dd66,white,40,6,5,813,1714549254711,0,2
0d1de7f4-7032-404b-9e72-712c9f01dd66,black,40,9,10,2986,1714549257697,0,0
0d1de7f4-7032-404b-9e72-712c9f01dd66,black,41,0,1,2699,1714549260396,1,1
0d1de7f4-7032-404b-9e72-712c9f01dd66,white,41,9,13,929,1714549261326,0,0
0d1de7f4-7032-404b-9e72-712c9f01dd66,white,42,8,2,755,1714549262081,1,1
0d1de7f4-7032-404b-9e72-712c9f01dd66,black,43,0,2,3057,1714549265139,1,0
0d1de7f4-7032-404b-9e72-712c9f01dd66,white,43,9,7,936,1714549266077,0,0
0d1de7f4-7032-404b-9e72-712c9f01dd66,white,44,8,7,798,1714549266876,1,1
0d1de7f4-7032-404b-9e72-712c9f01dd66,black,45,0,3,2962,1714549269839,1,0
0d1de7f4-7032-404b-9e72-712c9f01dd66,white,45,8,7,960,1714549270801,0,0
0d1de7f4-7032-404b-9e72-712c9f01dd66,white,45,9,5,1088,1714549271889,0,1
0d1de7f4-7032-404b-9e72-712c9f01dd66,white,45,9,6,869,1714549272758,0,2
0d1de7f4-7032-404b-9e72-712c9f01dd66,black,46,5,4,2581,1714549275339,1,0
0d1de7f4-7032-404b-9e72-712c9f01dd66,white,47,11,3,1185,1714549276525,1,0
0d1de7f4-7032-404b-9e72-712c9f01dd66,black,47,8,9,2897,1714549279424,0,0
0d1de7f4-7032-404b-9e72-712c9f01dd66,black,48,0,5,2500,1714549281924,1,1
0d1de7f4-7032-404b-9e72-712c9f01dd66,white,49,8,12,953,1714549282878,1,0
0d1de7f4-7032-404b-9e72-712c9f01dd66,black,50,0,4,2941,1714549285820,1,0
bcd56854-c682-4f4c-8739-857c1fa41332,black,1,7,7,2843,1714549379485,1,0
bcd56854-c682-4f4c-8739-857c1fa41332,white,2,7,8,5036,1714549384523,1,0
bcd56854-c682-4f4c-8739-857c1fa41332,black,3,7,9,3844,1714549388368,1,0
bcd56854-c682-4f4c-8739-857c1fa41332,white,4,6,10,3215,1714549391585,1,0
bcd56854-c682-4f4c-8739-857c1fa41332,black,5,2,7,2071,1714549393658,1,0
bcd56854-c682-4f4c-8739-857c1fa41332,white,5,6,10,2955,1714549396615,0,0
bcd56854-c682-4f4c-8739-857c1fa41332,white,6,8,7,3173,1714549399788,1,1
bcd56854-c682-4f4c-8739-857c1fa41332,black,7,4,11,2247,1714549402037,1,0
bcd56854-c682-4f4c-8739-857c1fa41332,white,8,6,8,2770,1714549404807,1,0
bcd56854-c682-4f4c-8739-857c1fa41332,black,9,1,2,2251,1714549407061,1,0
bcd56854-c682-4f4c-8739-857c1fa41332,white,9,6,10,3791,1714549410853,0,0
bcd56854-c682-4f4c-8739-857c1fa41332,white,10,5,10,3037,1714549413890,1,1
bcd56854-c682-4f4c-8739-857c1fa41332,black,11,8,8,2229,1714549416120,1,0
bcd56854-c682-4f4c-8739-857c1fa41332,white,12,5,8,2967,1714549419088,1,0
bcd56854-c682-4f4c-8739-857c1fa41332,black,13,7,3,2677,1714549421766,1,0
bcd56854-c682-4f4c-8739-857c1fa41332,white,13,8,7,2726,1714549424494,0,0
bcd56854-c682-4f4c-8739-857c1fa41332,white,13,6,8,2827,1714549427322,0,1
bcd56854-c682-4f4c-8739-857c1fa41332,white,14,6,9,2859,1714549430181,1,2
bcd56854-c682-4f4c-8739-857c1fa41332,black,15,9,9,5122,1714549435305,1,0
bcd56854-c682-4f4c-8739-857c1fa41332,white,15,6,10,4249,1714549439557,0,0
bcd56854-c682-4f4c-8739-857c1fa41332,white,16,8,9,2788,1714549442345,1,1
bcd56854-c682-4f4c-8739-857c1fa41332,black,17,7,1,4897,1714549447243,1,0
bcd56854-c682-4f4c-8739-857c1fa41332,white,18,7,10,2970,1714549450215,1,0
bcd56854-c682-4f4c-8739-857c1fa41332,black,19,1,10,2187,1714549452403,1,0
bcd56854-c682-4f4c-8739-857c1fa41332,white,19,8,9,2939,1714549455344,0,0
bcd56854-c682-4f4c-8739-857c1fa41332,white,19,6,9,2610,1714549457954,0,1
bcd56854-c682-4f4c-8739-857c1fa41332,white,19,7,10,4303,1714549462257,0,2
bcd56854-c682-4f4c-8739-857c1fa41332,black,20,5,11,2373,1714549464630,1,0
bcd56854-c682-4f4c-8739-857c1fa41332,white,21,7,11,2807,1714549467440,1,0
bcd56854-c682-4f4c-8739-857c1fa41332,black,22,1,4,4011,1714549471452,1,0
bcd56854-c682-4f4c-8739-857c1fa41332,white,23,8,10,3182,1714549474636,1,0
bcd56854-c682-4f4c-8739-857c1fa41332,black,23,7,8,2241,1714549476877,0,0
bcd56854-c682-4f4c-8739-857c1fa41332,black,24,9,7,1847,1714549478724,1,1
bcd56854-c682-4f4c-8739-857c1fa41332,white,25,7,12,2778,1714549481505,1,0
bcd56854-c682-4f4c-8739-857c1fa41332,black,26,4,8,2515,1714549484023,1,0
bcd56854-c682-4f4c-8739-857c1fa41332,white,26,6,8,2632,1714549486656,0,0
bcd56854-c682-4f4c-8739-857c1fa41332,white,26,7,9,2865,1714549489521,0,1
bcd56854-c682-4f4c-8739-857c1fa41332,white,26,8,9,2601,1714549492122,0,2
bcd56854-c682-4f4c-8739-857c1fa41332,black,27,2,9,1714,1714549493837,1,0
bcd56854-c682-4f4c-8739-857c1fa41332,white,27,7,12,4559,1714549498398,0,0
bcd56854-c682-4f4c-8739-857c1fa41332,white,28,6,4,2405,1714549500803,1,1
bcd56854-c682-4f4c-8739-857c1fa41332,black,29,4,7,2566,1714549503371,1,0
bcd56854-c682-4f4c-8739-857c1fa41332,white,30,8,13,3004,1714549506378,1,0
bcd56854-c682-4f4c-8739-857c1fa41332,black,31,5,7,1941,1714549508320,1,0
bcd56854-c682-4f4c-8739-857c1fa41332,white,32,8,11,2813,1714549511135,1,0
bcd56854-c682-4f4c-8739-857c1fa41332,black,32,8,7,2583,1714549513719,0,0
bcd56854-c682-4f4c-8739-857c1fa41332,black,33,8,5,2062,1714549515781,1,1
bcd56854-c682-4f4c-8739-857c1fa41332,white,34,6,13,2831,1714549518614,1,0
bcd56854-c682-4f4c-8739-857c1fa41332,black,35,4,2,2243,1714549520859,1,0
bcd56854-c682-4f4c-8739-857c1fa41332,white,36,9,10,2706,1714549523566,1,0
e87c1d29-f7ea-4dcb-b7a0-24fc3de558e0,black,1,7,7,2860,1714549700000,1,0
e87c1d29-f7ea-4dcb-b7a0-24fc3de558e0,white,2,7,8,2152,1714549702154,1,0
e87c1d29-f7ea-4dcb-b7a0-24fc3de558e0,black,3,7,6,1744,1714549703899,1,0
e87c1d29-f7ea-4dcb-b7a0-24fc3de558e0,white,4,7,9,1328,1714549705229,1,0
e87c1d29-f7ea-4dcb-b7a0-24fc3de558e0,black,4,7,8,2169,1714549707400,0,0
e87c1d29-f7ea-4dcb-b7a0-24fc3de558e0,black,4,7,6,3179,1714549710579,0,1
e87c1d29-f7ea-4dcb-b7a0-24fc3de558e0,black,5,7,11,2758,1714549713337,1,2
e87c1d29-f7ea-4dcb-b7a0-24fc3de558e0,white,5,7,9,3350,1714549716689,0,0
e87c1d29-f7ea-4dcb-b7a0-24fc3de558e0,white,6,7,10,2217,1714549718906,1,1
e87c1d29-f7ea-4dcb-b7a0-24fc3de558e0,black,6,7,11,2543,1714549721450,0,0
e87c1d29-f7ea-4dcb-b7a0-24fc3de558e0,black,7,5,11,1765,1714549723216,1,1
e87c1d29-f7ea-4dcb-b7a0-24fc3de558e0,white,7,7,10,1149,1714549724366,0,0
e87c1d29-f7ea-4dcb-b7a0-24fc3de558e0,white,7,7,11,1678,1714549726044,0,1
e87c1d29-f7ea-4dcb-b7a0-24fc3de558e0,white,7,7,9,1326,1714549727370,0,2
e87c1d29-f7ea-4dcb-b7a0-24fc3de558e0,black,8,6,7,2902,1714549730272,1,0
e87c1d29-f7ea-4dcb-b7a0-24fc3de558e0,white,8,7,11,2165,1714549732440,0,0
e87c1d29-f7ea-4dcb-b7a0-24fc3de558e0,white,8,7,6,1586,1714549734026,0,1
e87c1d29-f7ea-4dcb-b7a0-24fc3de558e0,white,8,7,9,1439,1714549735465,0,2
e87c1d29-f7ea-4dcb-b7a0-24fc3de558e0,black,9,8,7,2141,1714549737606,1,0
e87c1d29-f7ea-4dcb-b7a0-24fc3de558e0,white,9,7,11,2352,1714549739962,0,0
e87c1d29-f7ea-4dcb-b7a0-24fc3de558e0,white,10,7,12,1541,1714549741503,1,1
e87c1d29-f7ea-4dcb-b7a0-24fc3de558e0,black,11,4,6,1792,1714549743296,1,0
e87c1d29-f7ea-4dcb-b7a0-24fc3de558e0,white,11,7,6,2300,1714549745597,0,0
e87c1d29-f7ea-4dcb-b7a0-24fc3de558e0,white,12,7,5,1468,1714549747065,1,1
e87c1d29-f7ea-4dcb-b7a0-24fc3de558e0,black,13,8,4,4014,1714549751080,1,0
e87c1d29-f7ea-4dcb-b7a0-24fc3de558e0,white,13,7,11,1780,1714549752862,0,0
e87c1d29-f7ea-4dcb-b7a0-24fc3de558e0,white,13,7,10,1094,1714549753956,0,1
e87c1d29-f7ea-4dcb-b7a0-24fc3de558e0,white,13,7,6,1445,1714549755401,0,2
e87c1d29-f7ea-4dcb-b7a0-24fc3de558e0,black,14,6,6,2501,1714549757902,1,0
e87c1d29-f7ea-4dcb-b7a0-24fc3de558e0,white,14,7,8,1307,1714549759211,0,0
e87c1d29-f7ea-4dcb-b7a0-24fc3de558e0,white,14,7,11,1334,1714549760545,0,1
e87c1d29-f7ea-4dcb-b7a0-24fc3de558e0,white,14,7,9,1383,1714549761928,0,2
e87c1d29-f7ea-4dcb-b7a0-24fc3de558e0,black,14,7,6,2185,1714549764113,0,0
e87c1d29-f7ea-4dcb-b7a0-24fc3de558e0,black,15,3,3,2696,1714549766809,1,1
e87c1d29-f7ea-4dcb-b7a0-24fc3de558e0,white,15,7,11,3349,1714549770160,0,0
e87c1d29-f7ea-4dcb-b7a0-24fc3de558e0,white,15,7,10,1141,1714549771301,0,1
e87c1d29-f7ea-4dcb-b7a0-24fc3de558e0,white,15,7,6,4185,1714549775486,0,2
e87c1d29-f7ea-4dcb-b7a0-24fc3de558e0,black,16,2,2,1935,1714549777421,1,0
e87c1d29-f7ea-4dcb-b7a0-24fc3de558e0,white,16,7,6,1868,1714549779291,0,0
e87c1d29-f7ea-4dcb-b7a0-24fc3de558e0,white,16,6,6,1308,1714549780599,0,1
e87c1d29-f7ea-4dcb-b7a0-24fc3de558e0,white,16,7,11,23115,1714549803714,0,2
e87c1d29-f7ea-4dcb-b7a0-24fc3de558e0,black,16,7,5,1708,1714549805423,0,0
e87c1d29-f7ea-4dcb-b7a0-24fc3de558e0,black,17,9,7,2273,1714549807697,1,1
e87c1d29-f7ea-4dcb-b7a0-24fc3de558e0,white,17,8,4,1380,1714549809079,0,0
e87c1d29-f7ea-4dcb-b7a0-24fc3de558e0,white,17,7,11,1361,1714549810440,0,1
e87c1d29-f7ea-4dcb-b7a0-24fc3de558e0,white,17,6,7,1399,1714549811840,0,2
e87c1d29-f7ea-4dcb-b7a0-24fc3de558e0,black,18,5,6,2373,1714549814213,1,0
e87c1d29-f7ea-4dcb-b7a0-24fc3de558e0,white,19,5,9,1668,1714549815883,1,0
e87c1d29-f7ea-4dcb-b7a0-24fc3de558e0,black,20,0,7,3133,1714549819017,1,0
e87c1d29-f7ea-4dcb-b7a0-24fc3de558e0,white,20,5,9,1436,1714549820454,0,0
e87c1d29-f7ea-4dcb-b7a0-24fc3de558e0,white,20,7,11,1415,1714549821869,0,1
e87c1d29-f7ea-4dcb-b7a0-24fc3de558e0,white,20,7,10,2357,1714549824226,0,2
e87c1d29-f7ea-4dcb-b7a0-24fc3de558e0,black,21,3,4,5904,1714549830130,1,0
e87c1d29-f7ea-4dcb-b7a0-24fc3de558e0,white,21,7,7,1607,1714549831739,0,0
e87c1d29-f7ea-4dcb-b7a0-24fc3de558e0,white,21,6,7,1360,1714549833099,0,1
e87c1d29-f7ea-4dcb-b7a0-24fc3de558e0,white,21,7,11,952,1714549834051,0,2
e87c1d29-f7ea-4dcb-b7a0-24fc3de558e0,black,22,4,3,1756,1714549835807,1,0
e87c1d29-f7ea-4dcb-b7a0-24fc3de558e0,white,22,7,8,1210,1714549837020,0,0
e87c1d29-f7ea-4dcb-b7a0-24fc3de558e0,white,22,7,9,1220,1714549838240,0,1
e87c1d29-f7ea-4dcb-b7a0-24fc3de558e0,white,22,7,11,1454,1714549839694,0,2
e87c1d29-f7ea-4dcb-b7a0-24fc3de558e0,black,23,4,13,2581,1714549842275,1,0
e87c1d29-f7ea-4dcb-b7a0-24fc3de558e0,white,23,6,6,1522,1714549843798,0,0
e87c1d29-f7ea-4dcb-b7a0-24fc3de558e0,white,23,7,11,1341,1714549845139,0,1
e87c1d29-f7ea-4dcb-b7a0-24fc3de558e0,white,23,7,10,1441,1714549846580,0,2
e87c1d29-f7ea-4dcb-b7a0-24fc3de558e0,black,24,10,7,3238,1714549849818,1,0
ce015800-0e68-41ca-a434-613baf877f5c,black,1,7,7,1722,1714549881701,1,0
ce015800-0e68-41ca-a434-613baf877f5c,white,1,7,7,1040,1714549882742,0,0
ce015800-0e68-41ca-a434-613baf877f5c,white,2,7,8,661,1714549883403,1,1
ce015800-0e68-41ca-a434-613baf877f5c,black,3,7,9,2601,1714549886006,1,0
ce015800-0e68-41ca-a434-613baf877f5c,white,4,8,7,690,1714549886698,1,0
ce015800-0e68-41ca-a434-613baf877f5c,black,5,6,7,2317,1714549889017,1,0
ce015800-0e68-41ca-a434-613baf877f5c,white,6,5,9,668,1714549889686,1,0
ce015800-0e68-41ca-a434-613baf877f5c,black,7,2,5,2677,1714549892365,1,0
ce015800-0e68-41ca-a434-613baf877f5c,white,8,6,5,787,1714549893154,1,0
ce015800-0e68-41ca-a434-613baf877f5c,black,8,8,7,3578,1714549896734,0,0
ce015800-0e68-41ca-a434-613baf877f5c,black,9,4,9,2225,1714549898959,1,1
ce015800-0e68-41ca-a434-613baf877f5c,white,10,5,8,1079,1714549900041,1,0
ce015800-0e68-41ca-a434-613baf877f5c,black,11,7,4,1897,1714549901939,1,0
ce015800-0e68-41ca-a434-613baf877f5c,white,12,8,1,947,1714549902889,1,0
ce015800-0e68-41ca-a434-613baf877f5c,black,13,10,10,2309,1714549905199,1,0
ce015800-0e68-41ca-a434-613baf877f5c,white,14,6,3,681,1714549905882,1,0
ce015800-0e68-41ca-a434-613baf877f5c,black,15,2,6,2350,1714549908234,1,0
ce015800-0e68-41ca-a434-613baf877f5c,white,16,4,14,712,1714549908950,1,0
ce015800-0e68-41ca-a434-613baf877f5c,black,16,2,5,2477,1714549911428,0,0
ce015800-0e68-41ca-a434-613baf877f5c,black,16,2,6,2505,1714549913933,0,1
ce015800-0e68-41ca-a434-613baf877f5c,black,16,7,4,2347,1714549916280,0,2
ce015800-0e68-41ca-a434-613baf877f5c,white,17,8,2,839,1714549917119,1,0
ce015800-0e68-41ca-a434-613baf877f5c,black,18,6,6,2892,1714549920013,1,0
ce015800-0e68-41ca-a434-613baf877f5c,white,19,6,4,978,1714549920993,1,0
ce015800-0e68-41ca-a434-613baf877f5c,black,19,6,5,1492,1714549922487,0,0
ce015800-0e68-41ca-a434-613baf877f5c,black,20,3,1,1558,1714549924045,1,1
ce015800-0e68-41ca-a434-613baf877f5c,white,20,5,8,641,1714549924689,0,0
ce015800-0e68-41ca-a434-613baf877f5c,white,21,4,5,991,1714549925680,1,1
ce015800-0e68-41ca-a434-613baf877f5c,black,22,10,9,2847,1714549928529,1,0
ce015800-0e68-41ca-a434-613baf877f5c,white,23,13,8,901,1714549929431,1,0
ce015800-0e68-41ca-a434-613baf877f5c,black,24,2,7,2516,1714549931948,1,0
ce015800-0e68-41ca-a434-613baf877f5c,white,25,9,3,867,1714549932817,1,0
ce015800-0e68-41ca-a434-613baf877f5c,black,26,9,6,1616,1714549934435,1,0
ce015800-0e68-41ca-a434-613baf877f5c,white,27,11,3,779,1714549935215,1,0
ce015800-0e68-41ca-a434-613baf877f5c,black,27,4,5,1705,1714549936922,0,0
ce015800-0e68-41ca-a434-613baf877f5c,black,28,4,3,1766,1714549938688,1,1
ce015800-0e68-41ca-a434-613baf877f5c,white,29,13,3,924,1714549939616,1,0
ce015800-0e68-41ca-a434-613baf877f5c,black,30,11,8,2807,1714549942424,1,0
ce015800-0e68-41ca-a434-613baf877f5c,white,31,9,0,1175,1714549943601,1,0
ce015800-0e68-41ca-a434-613baf877f5c,black,32,12,3,2341,1714549945943,1,0
ce015800-0e68-41ca-a434-613baf877f5c,white,33,9,1,1115,1714549947060,1,0
ce015800-0e68-41ca-a434-613baf877f5c,black,34,4,7,2240,1714549949301,1,0
ce015800-0e68-41ca-a434-613baf877f5c,white,35,4,10,1011,1714549950314,1,0
ce015800-0e68-41ca-a434-613baf877f5c,black,35,10,9,2141,1714549952457,0,0
ce015800-0e68-41ca-a434-613baf877f5c,black,36,10,7,2109,1714549954566,1,1
ce015800-0e68-41ca-a434-613baf877f5c,white,36,4,9,745,1714549955313,0,0
ce015800-0e68-41ca-a434-613baf877f5c,white,37,8,13,722,1714549956035,1,1
ce015800-0e68-41ca-a434-613baf877f5c,black,38,6,11,2141,1714549958178,1,0
ce015800-0e68-41ca-a434-613baf877f5c,white,39,11,5,821,1714549959001,1,0
ce015800-0e68-41ca-a434-613baf877f5c,black,39,10,10,3209,1714549962212,0,0
ce015800-0e68-41ca-a434-613baf877f5c,black,39,7,7,2879,1714549965091,0,1
ce015800-0e68-41ca-a434-613baf877f5c,black,40,5,13,3372,1714549968464,1,2
ce015800-0e68-41ca-a434-613baf877f5c,white,41,9,5,777,1714549969243,1,0
ce015800-0e68-41ca-a434-613baf877f5c,black,42,4,11,2172,1714549971416,1,0
ce015800-0e68-41ca-a434-613baf877f5c,white,42,9,1,782,1714549972200,0,0
ce015800-0e68-41ca-a434-613baf877f5c,white,43,8,3,827,1714549973027,1,1
ce015800-0e68-41ca-a434-613baf877f5c,black,44,4,4,2221,1714549975250,1,0
ce015800-0e68-41ca-a434-613baf877f5c,white,44,8,7,894,1714549976149,0,0
ce015800-0e68-41ca-a434-613baf877f5c,white,45,7,6,849,1714549976998,1,1
ce015800-0e68-41ca-a434-613baf877f5c,black,46,10,2,2870,1714549979870,1,0
ce015800-0e68-41ca-a434-613baf877f5c,white,47,11,2,668,1714549980541,1,0
ce015800-0e68-41ca-a434-613baf877f5c,black,48,1,1,1603,1714549982146,1,0
ce015800-0e68-41ca-a434-613baf877f5c,white,49,12,4,885,1714549983033,1,0
ce015800-0e68-41ca-a434-613baf877f5c,black,49,6,7,1326,1714549984360,0,0
ce015800-0e68-41ca-a434-613baf877f5c,black,50,8,8,2357,1714549986718,1,1
ce015800-0e68-41ca-a434-613baf877f5c,white,50,4,11,699,1714549987419,0,0
ce015800-0e68-41ca-a434-613baf877f5c,white,51,4,6,1087,1714549988506,1,1
ce015800-0e68-41ca-a434-613baf877f5c,black,51,8,7,2376,1714549990882,0,0
ce015800-0e68-41ca-a434-613baf877f5c,black,51,7,7,3042,1714549993924,0,1
ce015800-0e68-41ca-a434-613baf877f5c,black,52,1,7,2569,1714549996493,1,2
ce015800-0e68-41ca-a434-613baf877f5c,white,52,6,6,806,1714549997301,0,0
ce015800-0e68-41ca-a434-613baf877f5c,white,53,8,12,1124,1714549998425,1,1
ce015800-0e68-41ca-a434-613baf877f5c,black,54,9,11,1693,1714550000119,1,0
ce015800-0e68-41ca-a434-613baf877f5c,white,54,8,2,920,1714550001041,0,0
ce015800-0e68-41ca-a434-613baf877f5c,white,54,12,4,1148,1714550002190,0,1
ce015800-0e68-41ca-a434-613baf877f5c,white,55,12,2,590,1714550002780,1,2
ce015800-0e68-41ca-a434-613baf877f5c,black,56,7,5,2939,1714550005720,1,0
ce015800-0e68-41ca-a434-613baf877f5c,white,57,11,4,2817,1714550008539,1,0
ce015800-0e68-41ca-a434-613baf877f5c,black,58,0,0,1837,1714550010378,1,0
ce015800-0e68-41ca-a434-613baf877f5c,white,58,10,10,1152,1714550011531,0,0
ce015800-0e68-41ca-a434-613baf877f5c,white,59,10,4,672,1714550012203,1,1
ce015800-0e68-41ca-a434-613baf877f5c,black,60,3,6,1551,1714550013756,1,0
ce015800-0e68-41ca-a434-613baf877f5c,white,60,6,6,627,1714550014385,0,0
ce015800-0e68-41ca-a434-613baf877f5c,white,60,5,9,753,1714550015138,0,1
ce015800-0e68-41ca-a434-613baf877f5c,white,60,8,8,940,1714550016078,0,2
ce015800-0e68-41ca-a434-613baf877f5c,black,60,5,8,2954,1714550019033,0,0
ce015800-0e68-41ca-a434-613baf877f5c,black,60,11,4,2530,1714550021563,0,1
ce015800-0e68-41ca-a434-613baf877f5c,black,60,7,8,2907,1714550024470,0,2
ce015800-0e68-41ca-a434-613baf877f5c,white,60,8,7,1016,1714550025487,0,0
ce015800-0e68-41ca-a434-613baf877f5c,white,61,2,10,952,1714550026439,1,1
ce015800-0e68-41ca-a434-613baf877f5c,black,62,8,10,2503,1714550028943,1,0
ce015800-0e68-41ca-a434-613baf877f5c,white,62,6,4,862,1714550029807,0,0
ce015800-0e68-41ca-a434-613baf877f5c,white,62,7,5,1675,1714550031482,0,1
ce015800-0e68-41ca-a434-613baf877f5c,white,63,9,8,740,1714550032222,1,2
ce015800-0e68-41ca-a434-613baf877f5c,black,63,7,5,2207,1714550034430,0,0
ce015800-0e68-41ca-a434-613baf877f5c,black,64,7,1,2459,1714550036889,1,1
ce015800-0e68-41ca-a434-613baf877f5c,white,65,10,5,871,1714550037763,1,0
ce015800-0e68-41ca-a434-613baf877f5c,black,66,3,8,1552,1714550039317,1,0
ce015800-0e68-41ca-a434-613baf877f5c,white,66,9,8,699,1714550040018,0,0
ce015800-0e68-41ca-a434-613baf877f5c,white,67,9,9,701,1714550040719,1,1
ce015800-0e68-41ca-a434-613baf877f5c,black,68,4,2,2331,1714550043052,1,0
ce015800-0e68-41ca-a434-613baf877f5c,white,69,11,6,1152,1714550044210,1,0
f1e29ee3-e48e-4014-9884-14d969fb404a,black,1,7,7,1064,1714550110170,1,0
f1e29ee3-e48e-4014-9884-14d969fb404a,white,2,7,8,2877,1714550113049,1,0
f1e29ee3-e48e-4014-9884-14d969fb404a,black,3,7,10,1598,1714550114648,1,0
f1e29ee3-e48e-4014-9884-14d969fb404a,white,4,6,10,2661,1714550117310,1,0
f1e29ee3-e48e-4014-9884-14d969fb404a,black,5,7,9,1384,1714550118696,1,0
f1e29ee3-e48e-4014-9884-14d969fb404a,white,6,6,11,2766,1714550121463,1,0
f1e29ee3-e48e-4014-9884-14d969fb404a,black,6,7,7,1134,1714550122598,0,0
f1e29ee3-e48e-4014-9884-14d969fb404a,black,7,7,6,1137,1714550123735,1,1
f1e29ee3-e48e-4014-9884-14d969fb404a,white,7,6,10,2686,1714550126423,0,0
f1e29ee3-e48e-4014-9884-14d969fb404a,white,7,7,9,3262,1714550129686,0,1
f1e29ee3-e48e-4014-9884-14d969fb404a,white,8,8,10,2674,1714550132361,1,2
f1e29ee3-e48e-4014-9884-14d969fb404a,black,8,7,6,1157,1714550133520,0,0
f1e29ee3-e48e-4014-9884-14d969fb404a,black,9,7,5,1133,1714550134653,1,1
f1e29ee3-e48e-4014-9884-14d969fb404a,white,9,6,11,2829,1714550137482,0,0
f1e29ee3-e48e-4014-9884-14d969fb404a,white,10,7,11,4406,1714550141888,1,1
f1e29ee3-e48e-4014-9884-14d969fb404a,black,10,7,5,2455,1714550144345,0,0
f1e29ee3-e48e-4014-9884-14d969fb404a,black,11,7,4,1133,1714550145478,1,1
f1e29ee3-e48e-4014-9884-14d969fb404a,white,11,8,10,2858,1714550148338,0,0
f1e29ee3-e48e-4014-9884-14d969fb404a,white,12,8,8,2152,1714550150491,1,1
f1e29ee3-e48e-4014-9884-14d969fb404a,black,12,7,7,1067,1714550151560,0,0
f1e29ee3-e48e-4014-9884-14d969fb404a,black,12,7,6,1163,1714550152723,0,1
f1e29ee3-e48e-4014-9884-14d969fb404a,black,12,7,5,2318,1714550155041,0,2
f1e29ee3-e48e-4014-9884-14d969fb404a,white,12,6,11,3145,1714550158186,0,0
f1e29ee3-e48e-4014-9884-14d969fb404a,white,13,8,11,2516,1714550160702,1,1
f1e29ee3-e48e-4014-9884-14d969fb404a,black,13,7,5,1582,1714550162286,0,0
f1e29ee3-e48e-4014-9884-14d969fb404a,black,13,7,6,1211,1714550163497,0,1
f1e29ee3-e48e-4014-9884-14d969fb404a,black,13,7,4,2455,1714550165953,0,2
f1e29ee3-e48e-4014-9884-14d969fb404a,white,13,6,11,3091,1714550169044,0,0
f1e29ee3-e48e-4014-9884-14d969fb404a,white,14,9,7,2639,1714550171683,1,1
f1e29ee3-e48e-4014-9884-14d969fb404a,black,14,7,6,997,1714550172682,0,0
f1e29ee3-e48e-4014-9884-14d969fb404a,black,15,8,6,1352,1714550174034,1,1
f1e29ee3-e48e-4014-9884-14d969fb404a,white,15,6,10,3215,1714550177250,0,0
f1e29ee3-e48e-4014-9884-14d969fb404a,white,15,8,10,3237,1714550180489,0,1
f1e29ee3-e48e-4014-9884-14d969fb404a,white,16,9,10,2727,1714550183217,1,2
f1e29ee3-e48e-4014-9884-14d969fb404a,black,16,7,5,1061,1714550184280,0,0
f1e29ee3-e48e-4014-9884-14d969fb404a,black,16,7,4,979,1714550185259,0,1
f1e29ee3-e48e-4014-9884-14d969fb404a,black,16,7,6,1324,1714550186583,0,2
f1e29ee3-e48e-4014-9884-14d969fb404a,white,17,8,7,3130,1714550189714,1,0
f1e29ee3-e48e-4014-9884-14d969fb404a,black,17,7,6,1334,1714550191049,0,0
f1e29ee3-e48e-4014-9884-14d969fb404a,black,17,7,5,1112,1714550192161,0,1
f1e29ee3-e48e-4014-9884-14d969fb404a,black,17,7,4,1090,1714550193251,0,2
f1e29ee3-e48e-4014-9884-14d969fb404a,white,17,6,11,2647,1714550195899,0,0
f1e29ee3-e48e-4014-9884-14d969fb404a,white,18,6,3,3300,1714550199199,1,1
f1e29ee3-e48e-4014-9884-14d969fb404a,black,18,7,6,1389,1714550200589,0,0
f1e29ee3-e48e-4014-9884-14d969fb404a,black,18,7,5,1558,1714550202147,0,1
f1e29ee3-e48e-4014-9884-14d969fb404a,black,18,7,4,1188,1714550203335,0,2
f1e29ee3-e48e-4014-9884-14d969fb404a,white,19,8,5,3132,1714550206467,1,0
f1e29ee3-e48e-4014-9884-14d969fb404a,black,20,10,7,1055,1714550207524,1,0
f1e29ee3-e48e-4014-9884-14d969fb404a,white,20,8,6,3381,1714550210907,0,0
f1e29ee3-e48e-4014-9884-14d969fb404a,white,20,7,5,3255,1714550214162,0,1
f1e29ee3-e48e-4014-9884-14d969fb404a,white,21,10,9,3501,1714550217663,1,2
f1e29ee3-e48e-4014-9884-14d969fb404a,black,21,7,6,1230,1714550218895,0,0
f1e29ee3-e48e-4014-9884-14d969fb404a,black,21,7,5,964,1714550219860,0,1
f1e29ee3-e48e-4014-9884-14d969fb404a,black,21,7,4,1178,1714550221038,0,2
f1e29ee3-e48e-4014-9884-14d969fb404a,white,22,6,12,3088,1714550224126,1,0
f1e29ee3-e48e-4014-9884-14d969fb404a,black,22,7,7,1294,1714550225422,0,0
f1e29ee3-e48e-4014-9884-14d969fb404a,black,22,6,10,1056,1714550226478,0,1
f1e29ee3-e48e-4014-9884-14d969fb404a,black,23,10,8,1150,1714550227629,1,2
f1e29ee3-e48e-4014-9884-14d969fb404a,white,24,6,9,3702,1714550231332,1,0
f1e29ee3-e48e-4014-9884-14d969fb404a,black,24,10,8,1088,1714550232421,0,0
f1e29ee3-e48e-4014-9884-14d969fb404a,black,25,9,8,1063,1714550233484,1,1
f1e29ee3-e48e-4014-9884-14d969fb404a,white,26,10,6,3322,1714550236807,1,0
f1e29ee3-e48e-4014-9884-14d969fb404a,black,27,6,7,1228,1714550238037,1,0
f1e29ee3-e48e-4014-9884-14d969fb404a,white,28,6,4,2988,1714550241026,1,0
f1e29ee3-e48e-4014-9884-14d969fb404a,black,28,9,7,1281,1714550242309,0,0
f1e29ee3-e48e-4014-9884-14d969fb404a,black,28,7,10,1247,1714550243556,0,1
f1e29ee3-e48e-4014-9884-14d969fb404a,black,29,6,8,1012,1714550244568,1,2
f1e29ee3-e48e-4014-9884-14d969fb404a,white,29,10,6,2371,1714550246940,0,0
f1e29ee3-e48e-4014-9884-14d969fb404a,white,30,6,5,2968,1714550249908,1,1
f1e29ee3-e48e-4014-9884-14d969fb404a,black,30,8,8,1644,1714550251554,0,0
f1e29ee3-e48e-4014-9884-14d969fb404a,black,30,10,8,1207,1714550252761,0,1
f1e29ee3-e48e-4014-9884-14d969fb404a,black,30,7,8,1083,1714550253844,0,2
f1e29ee3-e48e-4014-9884-14d969fb404a,white,30,6,11,3047,1714550256891,0,0
f1e29ee3-e48e-4014-9884-14d969fb404a,white,31,5,12,2802,1714550259693,1,1
f1e29ee3-e48e-4014-9884-14d969fb404a,black,31,8,7,1132,1714550260827,0,0
f1e29ee3-e48e-4014-9884-14d969fb404a,black,31,6,7,1576,1714550262403,0,1
f1e29ee3-e48e-4014-9884-14d969fb404a,black,31,9,8,1483,1714550263886,0,2
f1e29ee3-e48e-4014-9884-14d969fb404a,white,31,10,7,5648,1714550269534,0,0
f1e29ee3-e48e-4014-9884-14d969fb404a,white,32,3,7,2682,1714550272216,1,1
f1e29ee3-e48e-4014-9884-14d969fb404a,black,32,5,12,1140,1714550273358,0,0
f1e29ee3-e48e-4014-9884-14d969fb404a,black,32,7,7,1118,1714550274477,0,1
f1e29ee3-e48e-4014-9884-14d969fb404a,black,32,7,11,1408,1714550275885,0,2
f1e29ee3-e48e-4014-9884-14d969fb404a,white,33,8,4,2707,1714550278592,1,0
f1e29ee3-e48e-4014-9884-14d969fb404a,black,33,3,7,1418,1714550280012,0,0
f1e29ee3-e48e-4014-9884-14d969fb404a,black,33,7,6,1316,1714550281328,0,1
f1e29ee3-e48e-4014-9884-14d969fb404a,black,33,7,9,1074,1714550282402,0,2
f1e29ee3-e48e-4014-9884-14d969fb404a,white,33,6,10,2532,1714550284934,0,0
f1e29ee3-e48e-4014-9884-14d969fb404a,white,33,10,6,3239,1714550288173,0,1
f1e29ee3-e48e-4014-9884-14d969fb404a,white,34,3,6,3111,1714550291286,1,2
f1e29ee3-e48e-4014-9884-14d969fb404a,black,35,4,6,1631,1714550292918,1,0
f1e29ee3-e48e-4014-9884-14d969fb404a,white,36,6,13,3807,1714550296727,1,0
96948930-779f-4d17-8faf-7572fac09334,black,1,7,7,1428,1714550392482,1,0
96948930-779f-4d17-8faf-7572fac09334,white,2,7,8,3269,1714550395752,1,0
96948930-779f-4d17-8faf-7572fac09334,black,3,7,11,1484,1714550397237,1,0
96948930-779f-4d17-8faf-7572fac09334,white,4,7,9,2693,1714550399931,1,0
96948930-779f-4d17-8faf-7572fac09334,black,4,7,9,1034,1714550400967,0,0
96948930-779f-4d17-8faf-7572fac09334,black,4,7,8,1642,1714550402610,0,1
96948930-779f-4d17-8faf-7572fac09334,black,4,7,11,1120,1714550403730,0,2
96948930-779f-4d17-8faf-7572fac09334,white,4,7,8,2397,1714550406127,0,0
96948930-779f-4d17-8faf-7572fac09334,white,4,7,9,2305,1714550408432,0,1
96948930-779f-4d17-8faf-7572fac09334,white,5,7,10,2836,1714550411268,1,2
96948930-779f-4d17-8faf-7572fac09334,black,6,7,6,1282,1714550412559,1,0
96948930-779f-4d17-8faf-7572fac09334,white,7,8,8,2117,1714550414678,1,0
96948930-779f-4d17-8faf-7572fac09334,black,7,7,6,977,1714550415657,0,0
96948930-779f-4d17-8faf-7572fac09334,black,8,7,5,1042,1714550416699,1,1
96948930-779f-4d17-8faf-7572fac09334,white,8,7,9,2178,1714550418879,0,0
96948930-779f-4d17-8faf-7572fac09334,white,9,11,9,2154,1714550421033,1,1
96948930-779f-4d17-8faf-7572fac09334,black,9,7,6,2285,1714550423319,0,0
96948930-779f-4d17-8faf-7572fac09334,black,9,7,5,1059,1714550424378,0,1
96948930-779f-4d17-8faf-7572fac09334,black,9,7,11,1356,1714550425734,0,2
96948930-779f-4d17-8faf-7572fac09334,white,10,4,11,2051,1714550427785,1,0
96948930-779f-4d17-8faf-7572fac09334,black,10,7,6,1448,1714550429235,0,0
96948930-779f-4d17-8faf-7572fac09334,black,10,7,5,1881,1714550431116,0,1
96948930-779f-4d17-8faf-7572fac09334,black,10,7,10,2126,1714550433242,0,2
96948930-779f-4d17-8faf-7572fac09334,white,10,7,8,1960,1714550435202,0,0
96948930-779f-4d17-8faf-7572fac09334,white,11,8,10,2578,1714550437780,1,1
96948930-779f-4d17-8faf-7572fac09334,black,11,7,6,1862,1714550439645,0,0
96948930-779f-4d17-8faf-7572fac09334,black,11,7,5,2160,1714550441805,0,1
96948930-779f-4d17-8faf-7572fac09334,black,12,7,4,1181,1714550442986,1,2
96948930-779f-4d17-8faf-7572fac09334,white,12,7,9,2275,1714550445264,0,0
96948930-779f-4d17-8faf-7572fac09334,white,12,7,11,2418,1714550447682,0,1
96948930-779f-4d17-8faf-7572fac09334,white,12,7,7,2227,1714550449909,0,2
96948930-779f-4d17-8faf-7572fac09334,black,12,7,6,993,1714550450902,0,0
96948930-779f-4d17-8faf-7572fac09334,black,12,7,5,1277,1714550452180,0,1
96948930-779f-4d17-8faf-7572fac09334,black,12,7,4,1229,1714550453409,0,2
96948930-779f-4d17-8faf-7572fac09334,white,13,6,8,1736,1714550455145,1,0
96948930-779f-4d17-8faf-7572fac09334,black,14,8,9,997,1714550456144,1,0
96948930-779f-4d17-8faf-7572fac09334,white,15,0,4,3281,1714550459427,1,0
96948930-779f-4d17-8faf-7572fac09334,black,15,7,6,1126,1714550460556,0,0
96948930-779f-4d17-8faf-7572fac09334,black,15,7,5,1011,1714550461567,0,1
96948930-779f-4d17-8faf-7572fac09334,black,15,7,10,1341,1714550462908,0,2
96948930-779f-4d17-8faf-7572fac09334,white,16,0,1,2971,1714550465880,1,0
96948930-779f-4d17-8faf-7572fac09334,black,16,7,6,1281,1714550467163,0,0
96948930-779f-4d17-8faf-7572fac09334,black,16,7,5,1482,1714550468645,0,1
96948930-779f-4d17-8faf-7572fac09334,black,16,7,4,1233,1714550469878,0,2
96948930-779f-4d17-8faf-7572fac09334,white,17,6,5,2088,1714550471966,1,0
96948930-779f-4d17-8faf-7572fac09334,black,17,7,5,1389,1714550473357,0,0
96948930-779f-4d17-8faf-7572fac09334,black,17,7,4,989,1714550474346,0,1
96948930-779f-4d17-8faf-7572fac09334,black,17,7,6,1055,1714550475401,0,2
96948930-779f-4d17-8faf-7572fac09334,white,18,6,4,1597,1714550476999,1,0
96948930-779f-4d17-8faf-7572fac09334,black,18,7,5,1026,1714550478026,0,0
96948930-779f-4d17-8faf-7572fac09334,black,18,7,6,1136,1714550479162,0,1
96948930-779f-4d17-8faf-7572fac09334,black,18,7,4,1938,1714550481100,0,2
96948930-779f-4d17-8faf-7572fac09334,white,19,10,2,2044,1714550483144,1,0
96948930-779f-4d17-8faf-7572fac09334,black,19,7,6,1010,1714550484156,0,0
96948930-779f-4d17-8faf-7572fac09334,black,19,7,5,1223,1714550485379,0,1
96948930-779f-4d17-8faf-7572fac09334,black,19,7,4,1207,1714550486586,0,2
96948930-779f-4d17-8faf-7572fac09334,white,20,9,9,2232,1714550488819,1,0
96948930-779f-4d17-8faf-7572fac09334,black,20,7,6,1226,1714550490049,0,0
96948930-779f-4d17-8faf-7572fac09334,black,20,7,5,1572,1714550491621,0,1
96948930-779f-4d17-8faf-7572fac09334,black,20,7,10,1801,1714550493422,0,2
96948930-779f-4d17-8faf-7572fac09334,white,21,9,5,2358,1714550495781,1,0
96948930-779f-4d17-8faf-7572fac09334,black,21,7,6,1097,1714550496880,0,0
96948930-779f-4d17-8faf-7572fac09334,black,21,7,5,1261,1714550498142,0,1
96948930-779f-4d17-8faf-7572fac09334,black,21,7,4,1347,1714550499489,0,2
96948930-779f-4d17-8faf-7572fac09334,white,22,2,14,2489,1714550501978,1,0
96948930-779f-4d17-8faf-7572fac09334,black,22,7,6,1202,1714550503182,0,0
96948930-779f-4d17-8faf-7572fac09334,black,22,7,5,1099,1714550504282,0,1
96948930-779f-4d17-8faf-7572fac09334,black,22,7,7,1060,1714550505342,0,2
96948930-779f-4d17-8faf-7572fac09334,white,23,11,7,4951,1714550510293,1,0
96948930-779f-4d17-8faf-7572fac09334,black,23,7,6,5141,1714550515436,0,0
96948930-779f-4d17-8faf-7572fac09334,black,23,7,5,1344,1714550516780,0,1
96948930-779f-4d17-8faf-7572fac09334,black,23,7,4,3067,1714550519847,0,2
96948930-779f-4d17-8faf-7572fac09334,white,24,1,4,2223,1714550522070,1,0
96948930-779f-4d17-8faf-7572fac09334,black,24,7,7,1806,1714550523880,0,0
96948930-779f-4d17-8faf-7572fac09334,black,24,7,6,1331,1714550525211,0,1
96948930-779f-4d17-8faf-7572fac09334,black,24,7,11,1830,1714550527041,0,2
96948930-779f-4d17-8faf-7572fac09334,white,25,3,13,1788,1714550528829,1,0
96948930-779f-4d17-8faf-7572fac09334,black,25,7,6,1164,1714550529996,0,0
96948930-779f-4d17-8faf-7572fac09334,black,25,7,5,1149,1714550531145,0,1
96948930-779f-4d17-8faf-7572fac09334,black,25,7,10,1376,1714550532521,0,2
96948930-779f-4d17-8faf-7572fac09334,white,26,6,10,2158,1714550534679,1,0
96948930-779f-4d17-8faf-7572fac09334,black,27,8,7,1039,1714550535720,1,0
96948930-779f-4d17-8faf-7572fac09334,white,27,7,5,2456,1714550538178,0,0
96948930-779f-4d17-8faf-7572fac09334,white,28,8,5,3212,1714550541390,1,1
96948930-779f-4d17-8faf-7572fac09334,black,28,7,7,7636,1714550549031,0,0
96948930-779f-4d17-8faf-7572fac09334,black,28,7,6,1345,1714550550376,0,1
96948930-779f-4d17-8faf-7572fac09334,black,28,6,8,1975,1714550552351,0,2
96948930-779f-4d17-8faf-7572fac09334,white,28,7,7,5330,1714550557682,0,0
96948930-779f-4d17-8faf-7572fac09334,white,28,7,9,2224,1714550559906,0,1
96948930-779f-4d17-8faf-7572fac09334,white,29,9,4,1891,1714550561798,1,2
96948930-779f-4d17-8faf-7572fac09334,black,29,7,6,1089,1714550562889,0,0
96948930-779f-4d17-8faf-7572fac09334,black,29,7,5,1154,1714550564043,0,1
96948930-779f-4d17-8faf-7572fac09334,black,29,7,4,1039,1714550565082,0,2
96948930-779f-4d17-8faf-7572fac09334,white,29,4,11,2041,1714550567123,0,0
96948930-779f-4d17-8faf-7572fac09334,white,29,8,7,2623,1714550569746,0,1
96948930-779f-4d17-8faf-7572fac09334,white,30,5,8,2469,1714550572215,1,2
96948930-779f-4d17-8faf-7572fac09334,black,30,7,6,1390,1714550573607,0,0
96948930-779f-4d17-8faf-7572fac09334,black,30,7,5,1591,1714550575198,0,1
96948930-779f-4d17-8faf-7572fac09334,black,31,8,6,1862,1714550577060,1,2
96948930-779f-4d17-8faf-7572fac09334,white,32,3,4,2153,1714550579215,1,0
96948930-779f-4d17-8faf-7572fac09334,black,32,7,5,1724,1714550580941,0,0
96948930-779f-4d17-8faf-7572fac09334,black,32,7,6,1216,1714550582157,0,1
96948930-779f-4d17-8faf-7572fac09334,black,32,7,4,1209,1714550583366,0,2
96948930-779f-4d17-8faf-7572fac09334,white,33,2,7,2218,1714550585584,1,0
96948930-779f-4d17-8faf-7572fac09334,black,33,7,5,1756,1714550587342,0,0
96948930-779f-4d17-8faf-7572fac09334,black,33,7,6,1188,1714550588530,0,1
96948930-779f-4d17-8faf-7572fac09334,black,33,7,4,2187,1714550590717,0,2
96948930-779f-4d17-8faf-7572fac09334,white,34,11,4,1842,1714550592559,1,0
96948930-779f-4d17-8faf-7572fac09334,black,35,6,6,1382,1714550593943,1,0
96948930-779f-4d17-8faf-7572fac09334,white,36,11,1,2042,1714550595986,1,0
96948930-779f-4d17-8faf-7572fac09334,black,36,7,6,4231,1714550600218,0,0
96948930-779f-4d17-8faf-7572fac09334,black,36,7,5,1784,1714550602002,0,1
96948930-779f-4d17-8faf-7572fac09334,black,36,7,4,2242,1714550604244,0,2
96948930-779f-4d17-8faf-7572fac09334,white,37,4,3,2235,1714550606479,1,0
96948930-779f-4d17-8faf-7572fac09334,black,37,7,5,1228,1714550607709,0,0
96948930-779f-4d17-8faf-7572fac09334,black,37,7,6,1304,1714550609013,0,1
96948930-779f-4d17-8faf-7572fac09334,black,37,7,4,1183,1714550610196,0,2
96948930-779f-4d17-8faf-7572fac09334,white,38,8,4,2886,1714550613082,1,0
96948930-779f-4d17-8faf-7572fac09334,black,38,7,7,1995,1714550615079,0,0
96948930-779f-4d17-8faf-7572fac09334,black,38,8,6,1559,1714550616638,0,1
96948930-779f-4d17-8faf-7572fac09334,black,39,6,7,1117,1714550617755,1,2
96948930-779f-4d17-8faf-7572fac09334,white,40,2,3,2955,1714550620710,1,0
96948930-779f-4d17-8faf-7572fac09334,black,40,7,5,1983,1714550622696,0,0
96948930-779f-4d17-8faf-7572fac09334,black,40,7,6,1448,1714550624144,0,1
96948930-779f-4d17-8faf-7572fac09334,black,40,6,6,1045,1714550625189,0,2
96948930-779f-4d17-8faf-7572fac09334,white,41,10,4,2521,1714550627710,1,0
96948930-779f-4d17-8faf-7572fac09334,black,41,6,5,987,1714550628702,0,0
96948930-779f-4d17-8faf-7572fac09334,black,41,7,6,1184,1714550629887,0,1
96948930-779f-4d17-8faf-7572fac09334,black,41,7,5,1024,1714550630911,0,2
96948930-779f-4d17-8faf-7572fac09334,white,41,7,4,2213,1714550633124,0,0
96948930-779f-4d17-8faf-7572fac09334,white,41,7,10,1762,1714550634886,0,1
96948930-779f-4d17-8faf-7572fac09334,white,42,9,0,2421,1714550637307,1,2
96948930-779f-4d17-8faf-7572fac09334,black,42,6,5,1491,1714550638801,0,0
96948930-779f-4d17-8faf-7572fac09334,black,42,7,5,1957,1714550640758,0,1
96948930-779f-4d17-8faf-7572fac09334,black,42,7,4,1045,1714550641804,0,2
96948930-779f-4d17-8faf-7572fac09334,white,43,14,4,2184,1714550643988,1,0
96948930-779f-4d17-8faf-7572fac09334,black,43,7,5,993,1714550644983,0,0
96948930-779f-4d17-8faf-7572fac09334,black,43,7,4,1246,1714550646229,0,1
96948930-779f-4d17-8faf-7572fac09334,black,43,7,6,1351,1714550647580,0,2
96948930-779f-4d17-8faf-7572fac09334,white,43,7,8,1904,1714550649485,0,0
96948930-779f-4d17-8faf-7572fac09334,white,44,2,9,2656,1714550652142,1,1
96948930-779f-4d17-8faf-7572fac09334,black,44,7,6,1367,1714550653511,0,0
96948930-779f-4d17-8faf-7572fac09334,black,44,6,7,1438,1714550654949,0,1
96948930-779f-4d17-8faf-7572fac09334,black,44,7,5,1940,1714550656889,0,2
96948930-779f-4d17-8faf-7572fac09334,white,44,6,5,2691,1714550659581,0,0
96948930-779f-4d17-8faf-7572fac09334,white,45,12,5,2371,1714550661952,1,1
96948930-779f-4d17-8faf-7572fac09334,black,45,8,6,2512,1714550664471,0,0
96948930-779f-4d17-8faf-7572fac09334,black,45,7,6,1071,1714550665542,0,1
96948930-779f-4d17-8faf-7572fac09334,black,45,7,5,1695,1714550667237,0,2
96948930-779f-4d17-8faf-7572fac09334,white,46,10,5,2413,1714550669650,1,0
96948930-779f-4d17-8faf-7572fac09334,black,46,8,5,21310,1714550690963,0,0
96948930-779f-4d17-8faf-7572fac09334,black,46,7,4,1636,1714550692599,0,1
96948930-779f-4d17-8faf-7572fac09334,black,46,7,5,1428,1714550694027,0,2
96948930-779f-4d17-8faf-7572fac09334,white,47,1,5,2156,1714550696183,1,0
96948930-779f-4d17-8faf-7572fac09334,black,47,7,5,994,1714550697179,0,0
96948930-779f-4d17-8faf-7572fac09334,black,47,7,6,1256,1714550698436,0,1
96948930-779f-4d17-8faf-7572fac09334,black,47,7,4,1163,1714550699599,0,2
96948930-779f-4d17-8faf-7572fac09334,white,48,7,3,1605,1714550701204,1,0
96948930-779f-4d17-8faf-7572fac09334,black,48,9,5,1526,1714550702732,0,0
96948930-779f-4d17-8faf-7572fac09334,black,48,7,8,1132,1714550703865,0,1
96948930-779f-4d17-8faf-7572fac09334,black,48,7,5,1362,1714550705227,0,2
96948930-779f-4d17-8faf-7572fac09334,white,48,8,7,2531,1714550707758,0,0
96948930-779f-4d17-8faf-7572fac09334,white,49,9,7,2727,1714550710485,1,1
96948930-779f-4d17-8faf-7572fac09334,black,49,8,5,1117,1714550711604,0,0
96948930-779f-4d17-8faf-7572fac09334,black,49,7,6,1237,1714550712841,0,1
96948930-779f-4d17-8faf-7572fac09334,black,49,7,5,1809,1714550714650,0,2
96948930-779f-4d17-8faf-7572fac09334,white,50,5,10,2534,1714550717184,1,0
96948930-779f-4d17-8faf-7572fac09334,black,50,7,5,1124,1714550718311,0,0
96948930-779f-4d17-8faf-7572fac09334,black,50,7,6,1300,1714550719611,0,1
96948930-779f-4d17-8faf-7572fac09334,black,50,7,4,1695,1714550721307,0,2
96948930-779f-4d17-8faf-7572fac09334,white,50,7,6,2744,1714550724051,0,0
96948930-779f-4d17-8faf-7572fac09334,white,50,7,5,1766,1714550725818,0,1
96948930-779f-4d17-8faf-7572fac09334,white,50,7,3,2429,1714550728247,0,2
96948930-779f-4d17-8faf-7572fac09334,black,50,7,5,2819,1714550731066,0,0
96948930-779f-4d17-8faf-7572fac09334,black,50,6,8,1064,1714550732131,0,1
96948930-779f-4d17-8faf-7572fac09334,black,50,8,6,1151,1714550733282,0,2
96948930-779f-4d17-8faf-7572fac09334,white,50,6,4,2369,1714550735652,0,0
96948930-779f-4d17-8faf-7572fac09334,white,50,6,6,3128,1714550738780,0,1
96948930-779f-4d17-8faf-7572fac09334,white,51,11,5,2241,1714550741022,1,2
2688ee4e-fd30-4745-80ae-e0ae3e4c4b50,black,1,7,7,1036,1714550785887,1,0
2688ee4e-fd30-4745-80ae-e0ae3e4c4b50,white,2,7,5,627,1714550786515,1,0
2688ee4e-fd30-4745-80ae-e0ae3e4c4b50,black,3,7,8,1569,1714550788085,1,0
2688ee4e-fd30-4745-80ae-e0ae3e4c4b50,white,4,7,2,953,1714550789039,1,0
2688ee4e-fd30-4745-80ae-e0ae3e4c4b50,black,5,7,9,1161,1714550790202,1,0
2688ee4e-fd30-4745-80ae-e0ae3e4c4b50,white,6,8,4,700,1714550790903,1,0
2688ee4e-fd30-4745-80ae-e0ae3e4c4b50,black,7,7,11,1158,1714550792063,1,0
2688ee4e-fd30-4745-80ae-e0ae3e4c4b50,white,8,6,1,721,1714550792784,1,0
2688ee4e-fd30-4745-80ae-e0ae3e4c4b50,black,9,7,12,1373,1714550794158,1,0
2688ee4e-fd30-4745-80ae-e0ae3e4c4b50,white,10,8,5,825,1714550794984,1,0
2688ee4e-fd30-4745-80ae-e0ae3e4c4b50,black,10,7,11,966,1714550795952,0,0
2688ee4e-fd30-4745-80ae-e0ae3e4c4b50,black,10,7,12,1180,1714550797132,0,1
2688ee4e-fd30-4745-80ae-e0ae3e4c4b50,black,11,7,10,1629,1714550798761,1,2
e34302cc-d4ef-48f5-a0ca-0e9d27769060,black,1,7,7,807,1714550917634,1,0
e34302cc-d4ef-48f5-a0ca-0e9d27769060,white,2,7,8,3403,1714550921039,1,0
e34302cc-d4ef-48f5-a0ca-0e9d27769060,black,3,7,6,686,1714550921726,1,0
e34302cc-d4ef-48f5-a0ca-0e9d27769060,white,4,6,9,3029,1714550924756,1,0
e34302cc-d4ef-48f5-a0ca-0e9d27769060,black,5,8,10,725,1714550925482,1,0
e34302cc-d4ef-48f5-a0ca-0e9d27769060,white,5,6,9,2896,1714550928380,0,0
e34302cc-d4ef-48f5-a0ca-0e9d27769060,white,6,7,10,3712,1714550932092,1,1
e34302cc-d4ef-48f5-a0ca-0e9d27769060,black,7,5,8,735,1714550932828,1,0
e34302cc-d4ef-48f5-a0ca-0e9d27769060,white,7,6,9,4104,1714550936933,0,0
e34302cc-d4ef-48f5-a0ca-0e9d27769060,white,7,7,10,3229,1714550940162,0,1
e34302cc-d4ef-48f5-a0ca-0e9d27769060,white,8,8,8,3105,1714550943267,1,2
e34302cc-d4ef-48f5-a0ca-0e9d27769060,black,9,9,3,711,1714550943979,1,0
e34302cc-d4ef-48f5-a0ca-0e9d27769060,white,9,7,10,3058,1714550947039,0,0
e34302cc-d4ef-48f5-a0ca-0e9d27769060,white,10,6,10,2638,1714550949677,1,1
e34302cc-d4ef-48f5-a0ca-0e9d27769060,black,11,5,6,722,1714550950401,1,0
e34302cc-d4ef-48f5-a0ca-0e9d27769060,white,12,8,7,2666,1714550953068,1,0
e34302cc-d4ef-48f5-a0ca-0e9d27769060,black,12,6,9,1273,1714550954343,0,0
e34302cc-d4ef-48f5-a0ca-0e9d27769060,black,13,6,13,737,1714550955080,1,1
e34302cc-d4ef-48f5-a0ca-0e9d27769060,white,13,7,10,2523,1714550957604,0,0
e34302cc-d4ef-48f5-a0ca-0e9d27769060,white,13,6,10,2818,1714550960423,0,1
e34302cc-d4ef-48f5-a0ca-0e9d27769060,white,14,7,11,2521,1714550962944,1,2
e34302cc-d4ef-48f5-a0ca-0e9d27769060,black,14,7,7,1279,1714550964226,0,0
e34302cc-d4ef-48f5-a0ca-0e9d27769060,black,15,5,5,839,1714550965066,1,1
e34302cc-d4ef-48f5-a0ca-0e9d27769060,white,15,7,10,3059,1714550968127,0,0
e34302cc-d4ef-48f5-a0ca-0e9d27769060,white,16,9,7,2673,1714550970801,1,1
e34302cc-d4ef-48f5-a0ca-0e9d27769060,black,17,5,4,934,1714550971737,1,0
e34302cc-d4ef-48f5-a0ca-0e9d27769060,white,18,7,9,2765,1714550974504,1,0
e34302cc-d4ef-48f5-a0ca-0e9d27769060,black,19,9,6,751,1714550975256,1,0
e34302cc-d4ef-48f5-a0ca-0e9d27769060,white,19,7,11,3597,1714550978854,0,0
e34302cc-d4ef-48f5-a0ca-0e9d27769060,white,20,6,6,3145,1714550981999,1,1
e34302cc-d4ef-48f5-a0ca-0e9d27769060,black,21,9,11,738,1714550982739,1,0
e34302cc-d4ef-48f5-a0ca-0e9d27769060,white,21,7,10,3030,1714550985771,0,0
e34302cc-d4ef-48f5-a0ca-0e9d27769060,white,21,9,7,3209,1714550988980,0,1
e34302cc-d4ef-48f5-a0ca-0e9d27769060,white,22,6,5,2532,1714550991512,1,2
e34302cc-d4ef-48f5-a0ca-0e9d27769060,black,23,9,5,737,1714550992251,1,0
e34302cc-d4ef-48f5-a0ca-0e9d27769060,white,24,6,12,3028,1714550995281,1,0
e34302cc-d4ef-48f5-a0ca-0e9d27769060,black,25,9,13,920,1714550996203,1,0
e34302cc-d4ef-48f5-a0ca-0e9d27769060,white,25,6,13,2715,1714550998920,0,0
e34302cc-d4ef-48f5-a0ca-0e9d27769060,white,26,8,9,3753,1714551002673,1,1
e34302cc-d4ef-48f5-a0ca-0e9d27769060,black,26,9,6,943,1714551003617,0,0
e34302cc-d4ef-48f5-a0ca-0e9d27769060,black,26,9,5,744,1714551004361,0,1
e34302cc-d4ef-48f5-a0ca-0e9d27769060,black,27,8,5,756,1714551005117,1,2
e34302cc-d4ef-48f5-a0ca-0e9d27769060,white,27,6,12,2941,1714551008060,0,0
e34302cc-d4ef-48f5-a0ca-0e9d27769060,white,28,6,3,3622,1714551011682,1,1
e34302cc-d4ef-48f5-a0ca-0e9d27769060,black,28,6,6,772,1714551012455,0,0
e34302cc-d4ef-48f5-a0ca-0e9d27769060,black,29,7,2,768,1714551013223,1,1
e34302cc-d4ef-48f5-a0ca-0e9d27769060,white,29,6,13,2856,1714551016080,0,0
e34302cc-d4ef-48f5-a0ca-0e9d27769060,white,30,5,13,2475,1714551018555,1,1
e34302cc-d4ef-48f5-a0ca-0e9d27769060,black,31,8,1,684,1714551019241,1,0
e34302cc-d4ef-48f5-a0ca-0e9d27769060,white,32,9,10,2832,1714551022074,1,0
e34302cc-d4ef-48f5-a0ca-0e9d27769060,black,32,9,5,744,1714551022820,0,0
e34302cc-d4ef-48f5-a0ca-0e9d27769060,black,33,8,4,683,1714551023503,1,1
e34302cc-d4ef-48f5-a0ca-0e9d27769060,white,34,6,14,3155,1714551026660,1,0
e34302cc-d4ef-48f5-a0ca-0e9d27769060,black,34,6,6,784,1714551027448,0,0
e34302cc-d4ef-48f5-a0ca-0e9d27769060,black,35,6,8,894,1714551028342,1,1
e34302cc-d4ef-48f5-a0ca-0e9d27769060,white,35,9,5,3172,1714551031516,0,0
e34302cc-d4ef-48f5-a0ca-0e9d27769060,white,35,7,10,2674,1714551034190,0,1
e34302cc-d4ef-48f5-a0ca-0e9d27769060,white,35,6,9,3344,1714551037534,0,2
e34302cc-d4ef-48f5-a0ca-0e9d27769060,black,35,8,9,874,1714551038408,0,0
e34302cc-d4ef-48f5-a0ca-0e9d27769060,black,35,9,10,713,1714551039121,0,1
e34302cc-d4ef-48f5-a0ca-0e9d27769060,black,35,7,8,678,1714551039800,0,2
e34302cc-d4ef-48f5-a0ca-0e9d27769060,white,35,6,12,2859,1714551042659,0,0
e34302cc-d4ef-48f5-a0ca-0e9d27769060,white,36,9,9,2668,1714551045327,1,1
e34302cc-d4ef-48f5-a0ca-0e9d27769060,black,36,9,13,984,1714551046312,0,0
e34302cc-d4ef-48f5-a0ca-0e9d27769060,black,37,13,8,624,1714551046936,1,1
e34302cc-d4ef-48f5-a0ca-0e9d27769060,white,37,9,10,2743,1714551049680,0,0
e34302cc-d4ef-48f5-a0ca-0e9d27769060,white,37,6,5,2512,1714551052192,0,1
e34302cc-d4ef-48f5-a0ca-0e9d27769060,white,37,8,9,2935,1714551055127,0,2
e34302cc-d4ef-48f5-a0ca-0e9d27769060,black,37,9,10,792,1714551055919,0,0
e34302cc-d4ef-48f5-a0ca-0e9d27769060,black,37,7,9,1121,1714551057040,0,1
e34302cc-d4ef-48f5-a0ca-0e9d27769060,black,37,6,8,770,1714551057810,0,2
e34302cc-d4ef-48f5-a0ca-0e9d27769060,white,37,9,9,3221,1714551061031,0,0
e34302cc-d4ef-48f5-a0ca-0e9d27769060,white,37,5,8,3892,1714551064923,0,1
e34302cc-d4ef-48f5-a0ca-0e9d27769060,white,38,5,10,2767,1714551067690,1,2
e34302cc-d4ef-48f5-a0ca-0e9d27769060,black,38,9,7,818,1714551068510,0,0
e34302cc-d4ef-48f5-a0ca-0e9d27769060,black,38,8,10,791,1714551069301,0,1
e34302cc-d4ef-48f5-a0ca-0e9d27769060,black,39,10,4,745,1714551070047,1,2
e34302cc-d4ef-48f5-a0ca-0e9d27769060,white,40,10,7,3019,1714551073067,1,0
e34302cc-d4ef-48f5-a0ca-0e9d27769060,black,41,9,12,970,1714551074039,1,0
e34302cc-d4ef-48f5-a0ca-0e9d27769060,white,41,6,12,2762,1714551076802,0,0
e34302cc-d4ef-48f5-a0ca-0e9d27769060,white,42,5,3,2767,1714551079569,1,1
e34302cc-d4ef-48f5-a0ca-0e9d27769060,black,43,9,14,683,1714551080254,1,0
e34302cc-d4ef-48f5-a0ca-0e9d27769060,white,43,7,9,3715,1714551083970,0,0
e34302cc-d4ef-48f5-a0ca-0e9d27769060,white,43,8,4,3458,1714551087428,0,1
e34302cc-d4ef-48f5-a0ca-0e9d27769060,white,43,6,5,3292,1714551090720,0,2
e34302cc-d4ef-48f5-a0ca-0e9d27769060,black,43,5,5,935,1714551091655,0,0
e34302cc-d4ef-48f5-a0ca-0e9d27769060,black,44,4,5,886,1714551092541,1,1
e34302cc-d4ef-48f5-a0ca-0e9d27769060,white,45,6,11,2739,1714551095282,1,0
e34302cc-d4ef-48f5-a0ca-0e9d27769060,black,45,5,6,832,1714551096115,0,0
e34302cc-d4ef-48f5-a0ca-0e9d27769060,black,46,11,6,969,1714551097084,1,1
e34302cc-d4ef-48f5-a0ca-0e9d27769060,white,46,7,10,3055,1714551100141,0,0
e34302cc-d4ef-48f5-a0ca-0e9d27769060,white,46,7,11,2167,1714551102309,0,1
e34302cc-d4ef-48f5-a0ca-0e9d27769060,white,46,6,11,3052,1714551105361,0,2
e34302cc-d4ef-48f5-a0ca-0e9d27769060,black,47,0,7,780,1714551106141,1,0
e34302cc-d4ef-48f5-a0ca-0e9d27769060,white,48,7,4,4239,1714551110382,1,0
e34302cc-d4ef-48f5-a0ca-0e9d27769060,black,49,9,2,917,1714551111301,1,0
e34302cc-d4ef-48f5-a0ca-0e9d27769060,white,49,7,10,2827,1714551114129,0,0
e34302cc-d4ef-48f5-a0ca-0e9d27769060,white,50,9,8,3382,1714551117511,1,1
4ed1cdf6-cf2f-4946-abea-6f2e3eb32f4c,black,1,7,7,959,1714551278648,1,0
4ed1cdf6-cf2f-4946-abea-6f2e3eb32f4c,white,2,7,9,2554,1714551281203,1,0
4ed1cdf6-cf2f-4946-abea-6f2e3eb32f4c,black,3,7,14,817,1714551282022,1,0
4ed1cdf6-cf2f-4946-abea-6f2e3eb32f4c,white,4,8,7,3528,1714551285550,1,0
4ed1cdf6-cf2f-4946-abea-6f2e3eb32f4c,black,5,5,8,867,1714551286421,1,0
4ed1cdf6-cf2f-4946-abea-6f2e3eb32f4c,white,6,6,2,2686,1714551289108,1,0
4ed1cdf6-cf2f-4946-abea-6f2e3eb32f4c,black,7,9,2,916,1714551290027,1,0
4ed1cdf6-cf2f-4946-abea-6f2e3eb32f4c,white,8,3,9,3347,1714551293376,1,0
4ed1cdf6-cf2f-4946-abea-6f2e3eb32f4c,black,9,7,5,812,1714551294190,1,0
4ed1cdf6-cf2f-4946-abea-6f2e3eb32f4c,white,10,2,2,2871,1714551297062,1,0
4ed1cdf6-cf2f-4946-abea-6f2e3eb32f4c,black,11,6,6,821,1714551297885,1,0
4ed1cdf6-cf2f-4946-abea-6f2e3eb32f4c,white,12,7,3,1738,1714551299624,1,0
4ed1cdf6-cf2f-4946-abea-6f2e3eb32f4c,black,13,6,9,660,1714551300287,1,0
4ed1cdf6-cf2f-4946-abea-6f2e3eb32f4c,white,14,1,3,3051,1714551303339,1,0
4ed1cdf6-cf2f-4946-abea-6f2e3eb32f4c,black,15,6,13,777,1714551304118,1,0
4ed1cdf6-cf2f-4946-abea-6f2e3eb32f4c,white,15,6,6,2666,1714551306785,0,0
4ed1cdf6-cf2f-4946-abea-6f2e3eb32f4c,white,15,9,2,1820,1714551308605,0,1
4ed1cdf6-cf2f-4946-abea-6f2e3eb32f4c,white,16,9,3,2035,1714551310640,1,2
4ed1cdf6-cf2f-4946-abea-6f2e3eb32f4c,black,16,9,2,705,1714551311347,0,0
4ed1cdf6-cf2f-4946-abea-6f2e3eb32f4c,black,16,6,2,1078,1714551312425,0,1
4ed1cdf6-cf2f-4946-abea-6f2e3eb32f4c,black,17,7,11,1198,1714551313623,1,2
4ed1cdf6-cf2f-4946-abea-6f2e3eb32f4c,white,17,7,5,2352,1714551315977,0,0
4ed1cdf6-cf2f-4946-abea-6f2e3eb32f4c,white,17,7,7,2186,1714551318163,0,1
4ed1cdf6-cf2f-4946-abea-6f2e3eb32f4c,white,18,6,7,1991,1714551320155,1,2
4ed1cdf6-cf2f-4946-abea-6f2e3eb32f4c,black,18,9,3,708,1714551320865,0,0
4ed1cdf6-cf2f-4946-abea-6f2e3eb32f4c,black,19,5,4,948,1714551321813,1,1
4ed1cdf6-cf2f-4946-abea-6f2e3eb32f4c,white,20,10,5,1725,1714551323539,1,0
4ed1cdf6-cf2f-4946-abea-6f2e3eb32f4c,black,21,6,12,863,1714551324404,1,0
4ed1cdf6-cf2f-4946-abea-6f2e3eb32f4c,white,22,4,10,2351,1714551326757,1,0
4ed1cdf6-cf2f-4946-abea-6f2e3eb32f4c,black,23,7,2,820,1714551327580,1,0
4ed1cdf6-cf2f-4946-abea-6f2e3eb32f4c,white,23,7,11,1534,1714551329116,0,0
4ed1cdf6-cf2f-4946-abea-6f2e3eb32f4c,white,24,7,8,2245,1714551331362,1,1
4ed1cdf6-cf2f-4946-abea-6f2e3eb32f4c,black,25,9,5,1236,1714551332600,1,0
4ed1cdf6-cf2f-4946-abea-6f2e3eb32f4c,white,26,1,9,2264,1714551334866,1,0
4ed1cdf6-cf2f-4946-abea-6f2e3eb32f4c,black,27,13,2,674,1714551335547,1,0
4ed1cdf6-cf2f-4946-abea-6f2e3eb32f4c,white,28,11,10,2392,1714551337941,1,0
4ed1cdf6-cf2f-4946-abea-6f2e3eb32f4c,black,29,9,12,815,1714551338758,1,0
4ed1cdf6-cf2f-4946-abea-6f2e3eb32f4c,white,30,2,6,1632,1714551340391,1,0
4ed1cdf6-cf2f-4946-abea-6f2e3eb32f4c,black,31,8,3,812,1714551341204,1,0
4ed1cdf6-cf2f-4946-abea-6f2e3eb32f4c,white,32,8,8,1677,1714551342883,1,0
4ed1cdf6-cf2f-4946-abea-6f2e3eb32f4c,black,32,7,3,749,1714551343634,0,0
4ed1cdf6-cf2f-4946-abea-6f2e3eb32f4c,black,33,9,9,993,1714551344627,1,1
4ed1cdf6-cf2f-4946-abea-6f2e3eb32f4c,white,34,8,9,2689,1714551347318,1,0
4ed1cdf6-cf2f-4946-abea-6f2e3eb32f4c,black,35,9,1,805,1714551348125,1,0
4ed1cdf6-cf2f-4946-abea-6f2e3eb32f4c,white,36,4,12,1725,1714551349851,1,0
4ed1cdf6-cf2f-4946-abea-6f2e3eb32f4c,black,37,9,6,1074,1714551350929,1,0
4ed1cdf6-cf2f-4946-abea-6f2e3eb32f4c,white,38,8,11,2346,1714551353277,1,0
4ed1cdf6-cf2f-4946-abea-6f2e3eb32f4c,black,38,9,6,1288,1714551354568,0,0
4ed1cdf6-cf2f-4946-abea-6f2e3eb32f4c,black,38,8,9,658,1714551355227,0,1
4ed1cdf6-cf2f-4946-abea-6f2e3eb32f4c,black,38,8,8,612,1714551355839,0,2
4ed1cdf6-cf2f-4946-abea-6f2e3eb32f4c,white,38,5,4,2809,1714551358648,0,0
4ed1cdf6-cf2f-4946-abea-6f2e3eb32f4c,white,39,13,6,2689,1714551361337,1,1
4ed1cdf6-cf2f-4946-abea-6f2e3eb32f4c,black,40,9,8,736,1714551362075,1,0
4ed1cdf6-cf2f-4946-abea-6f2e3eb32f4c,white,40,7,3,1749,1714551363825,0,0
4ed1cdf6-cf2f-4946-abea-6f2e3eb32f4c,white,41,12,4,2290,1714551366115,1,1
4ed1cdf6-cf2f-4946-abea-6f2e3eb32f4c,black,42,9,7,725,1714551366842,1,0
7dc115e9-d6e3-44a0-ad98-ed8d94767f80,black,1,7,7,890,1714551431930,1,0
7dc115e9-d6e3-44a0-ad98-ed8d94767f80,white,2,7,8,1163,1714551433094,1,0
7dc115e9-d6e3-44a0-ad98-ed8d94767f80,black,2,7,8,584,1714551433679,0,0
7dc115e9-d6e3-44a0-ad98-ed8d94767f80,black,3,7,6,676,1714551434355,1,1
7dc115e9-d6e3-44a0-ad98-ed8d94767f80,white,4,7,9,1183,1714551435539,1,0
7dc115e9-d6e3-44a0-ad98-ed8d94767f80,black,5,7,3,791,1714551436331,1,0
7dc115e9-d6e3-44a0-ad98-ed8d94767f80,white,6,7,11,958,1714551437290,1,0
7dc115e9-d6e3-44a0-ad98-ed8d94767f80,black,6,7,7,780,1714551438071,0,0
7dc115e9-d6e3-44a0-ad98-ed8d94767f80,black,7,6,10,871,1714551438942,1,1
7dc115e9-d6e3-44a0-ad98-ed8d94767f80,white,7,7,9,972,1714551439916,0,0
7dc115e9-d6e3-44a0-ad98-ed8d94767f80,white,7,7,11,1141,1714551441057,0,1
7dc115e9-d6e3-44a0-ad98-ed8d94767f80,white,8,7,10,1134,1714551442192,1,2
7dc115e9-d6e3-44a0-ad98-ed8d94767f80,black,8,7,3,885,1714551443079,0,0
7dc115e9-d6e3-44a0-ad98-ed8d94767f80,black,9,5,2,1495,1714551444574,1,1
7dc115e9-d6e3-44a0-ad98-ed8d94767f80,white,9,7,10,1280,1714551445855,0,0
7dc115e9-d6e3-44a0-ad98-ed8d94767f80,white,9,7,11,1103,1714551446958,0,1
7dc115e9-d6e3-44a0-ad98-ed8d94767f80,white,9,7,9,1540,1714551448498,0,2
7dc115e9-d6e3-44a0-ad98-ed8d94767f80,black,9,7,6,813,1714551449312,0,0
7dc115e9-d6e3-44a0-ad98-ed8d94767f80,black,10,5,3,795,1714551450108,1,1
7dc115e9-d6e3-44a0-ad98-ed8d94767f80,white,10,7,11,1829,1714551451939,0,0
7dc115e9-d6e3-44a0-ad98-ed8d94767f80,white,11,8,8,1335,1714551453274,1,1
7dc115e9-d6e3-44a0-ad98-ed8d94767f80,black,12,6,1,1076,1714551454351,1,0
7dc115e9-d6e3-44a0-ad98-ed8d94767f80,white,12,7,11,1331,1714551455683,0,0
7dc115e9-d6e3-44a0-ad98-ed8d94767f80,white,12,7,10,1304,1714551456987,0,1
7dc115e9-d6e3-44a0-ad98-ed8d94767f80,white,12,7,9,1000,1714551457987,0,2
7dc115e9-d6e3-44a0-ad98-ed8d94767f80,black,12,8,8,716,1714551458703,0,0
7dc115e9-d6e3-44a0-ad98-ed8d94767f80,black,13,6,7,893,1714551459596,1,1
7dc115e9-d6e3-44a0-ad98-ed8d94767f80,white,13,7,10,1017,1714551460615,0,0
7dc115e9-d6e3-44a0-ad98-ed8d94767f80,white,14,8,9,1222,1714551461837,1,1
7dc115e9-d6e3-44a0-ad98-ed8d94767f80,black,15,9,3,704,1714551462545,1,0
7dc115e9-d6e3-44a0-ad98-ed8d94767f80,white,16,8,12,1427,1714551463974,1,0
7dc115e9-d6e3-44a0-ad98-ed8d94767f80,black,16,7,6,732,1714551464707,0,0
7dc115e9-d6e3-44a0-ad98-ed8d94767f80,black,17,6,5,719,1714551465427,1,1
7dc115e9-d6e3-44a0-ad98-ed8d94767f80,white,17,7,9,2124,1714551467552,0,0
7dc115e9-d6e3-44a0-ad98-ed8d94767f80,white,17,8,9,1270,1714551468822,0,1
7dc115e9-d6e3-44a0-ad98-ed8d94767f80,white,17,8,8,1203,1714551470026,0,2
7dc115e9-d6e3-44a0-ad98-ed8d94767f80,black,18,10,6,1001,1714551471027,1,0
7dc115e9-d6e3-44a0-ad98-ed8d94767f80,white,18,8,9,1317,1714551472347,0,0
7dc115e9-d6e3-44a0-ad98-ed8d94767f80,white,19,7,12,966,1714551473313,1,1
